TMLT_PANEL,TMLT_ITEM
300081,300061
300081,300088
300081,300090
300081,300091
300082,300072
300082,300086
300082,300087
300082,300089
300082,300100
300082,300102
300082,300104
300082,300105
300082,300107
300082,300149
300082,300155
300123,300018
300123,300087
300123,300089
300123,300102
300123,300104
300123,300105
300123,300107
300123,300109
300123,300111
300123,300114
300123,300115
300123,300117
300123,300119
300123,300121
300123,300125
300123,300130
300124,300018
300124,300087
300124,300089
300124,300102
300124,300104
300124,300105
300124,300107
300124,300110
300124,300112
300124,300113
300124,300116
300124,300118
300124,300120
300124,300122
300124,300124
300124,300126
300124,300129
300124,300131
300182,300200
300182,300225
300182,300226
300182,350518
300182,350526
300182,350588
300182,351168
300182,351171
300182,351175
300182,390007
300182,390008
300182,390063
300220,320015
300220,320156
300220,320405
300220,320613
308090,308033
308090,308098
308090,308099
308103,308003
308103,308004
308103,320439
320208,320664
320208,320667
320208,320668
320208,320669
320208,320670
320208,320671
320258,320006
320258,320009
320258,320026
320258,320032
320259,320070
320259,320071
320259,320072
320259,320073
320259,320293
320261,320047
320261,320050
320261,320100
320261,320109
320261,320150
320261,320151
320261,320158
320267,320668
320267,320669
320267,320670
320396,320030
320396,320036
320396,320425
320397,320007
320397,320031
320397,320037
320441,320027
320441,320033
320441,320271
320596,310006
320596,310042
320629,320626
320629,320627
320629,320628
320629,320630
320663,320353
320663,320354
320663,320355
320663,320356
320663,320357
320663,320358
320663,320359
320663,320360
320663,320361
320663,320362
320663,320363
320663,320364
320663,320365
320663,320366
320663,320367
320663,320430
320663,320673
320663,360209
320663,360353
320663,360354
320663,360355
320663,360356
320663,360357
320663,360358
320663,360359
320663,360360
320663,360361
320663,360362
320663,360363
320663,360364
320663,360365
320663,360366
320663,360367
320663,385468
328012,320185
328012,320620
328012,320621
330209,330179
330209,330206
330209,330208
330517,330094
330517,330255
330517,330291
330517,330404
330517,330488
330517,330511
330517,330519
330517,330520
340043,320604
340043,340051
340043,340052
340043,385403
350001,350525
350001,350526
350002,350513
350002,350526
350003,350522
350003,350526
350004,350519
350004,350526
350005,350518
350005,350526
350006,350516
350006,350526
350007,350523
350007,350526
350008,350511
350008,350526
350009,350520
350009,350526
350010,350515
350010,350526
350011,350524
350011,350526
350012,350512
350012,350526
350013,350521
350013,350526
350014,350517
350014,350526
350016,350556
350016,350557
350017,350025
350017,350048
350017,351161
350017,351162
350041,350930
350041,350931
350514,308068
350514,350526
350546,350546
350546,350548
350547,350547
350547,350548
350549,350549
350549,350551
350550,350550
350550,350551
350552,350513
350552,350555
350553,350034
350553,350513
350617,350034
350617,350620
350618,350555
350618,350620
350619,350526
350619,351103
350621,350024
350621,350047
350621,351163
350621,351164
350688,350526
350688,350687
350761,350151
350761,350159
350761,350161
350761,350370
350761,350494
350761,350571
350776,350346
350776,350351
350776,350561
350776,350562
350776,351084
350776,351085
350776,351089
350776,351090
350828,350526
350828,350827
350830,350526
350830,350829
350832,350526
350832,350831
350833,350526
350833,350705
350896,350487
350896,350526
350927,350765
350927,350766
350928,350491
350928,350526
350936,350428
350936,350429
350959,350526
350959,350974
350960,350526
350960,350987
350963,350526
350963,350981
350965,350526
350965,350972
350967,350526
350967,350986
350969,350526
350969,350975
350976,350526
350976,350964
350982,350526
350982,350971
351007,350526
351007,351006
351091,350351
351091,350562
351091,351085
351091,351089
351092,350346
351092,350561
351092,351084
351092,351090
360092,360091
360092,360198
360092,360199
360092,360200
360179,360161
360179,360177
360276,360103
360276,360104
360276,360106
360276,360110
360276,360120
360276,360121
360276,360122
360276,360124
360276,360239
360276,360250
360276,360318
360276,360319
360276,360320
360276,360321
360276,360322
360276,360323
360291,360099
360291,360102
360291,360107
360291,360108
360291,360109
360291,360184
360291,360185
360291,360326
360291,360327
360291,360329
360291,360331
360291,360332
360291,360333
360343,360341
360343,360342
360343,385462
381274,340049
381274,370064
381311,381069
381311,381070
381311,381072
381311,381073
381311,381116
381311,381117
