TMLT,FSN,CHANGEDATE
328012,ACTH stimulation test using IM corticosteroids in Serum or Plasma,20220502
340015,Acute leukemia panel - XXX specimen by Flow cytometry (FC),20191011
320509,Acylcarnitine and amino acids profile [umol/L] in DBS By Tandam Mass Spectromery,20210216
351167,Adenovirus and Norovirus and Rotavirus Ag panel in Stool by Rapid immunoassay,20220301
320275,Albumin/Creatinine [Index] in Urine,20200217
381311,Alpha thalassemia gene panel in Blood by Molecular genetics method,20220105
320486,Amino acid newborn screen panel in Dried blood spot,20210118
320333,Amino acids panel in Cerebral spinal fluid,20210401
320263,Amino acids panel in Serum or Plasma,20240701
320685,Amino acids panel in Urine,20240701
360159,ANA 12 Profile,20201116
360380,ANA Profile 16 Ab in Serum or Plasma by Line blot,20250303
360317,ANA profile 18 Ag ,20221003
360273,Anti ENA profile in Blood by Immunoblot,20210802
360274,Anti Myositis profile in Serum by Immunoblot,20210802
320487,Anti-Acetylcholine Receptor and muscle specific tyrosine kinase in Serum,20210118
330269,Antipsychotics drug panel Blood or Urine by Screen method,20210104
308094,aPTT mixing study panel in Platelet poor plasma,20230501
308090,aPTT panel in Platelet poor plasma,20210623
300073,Auto Differential panel in Blood,20200518
360071,Autoimmune Encephalitis Assay (IFA) Panel,20191011
360381,Autoimmune liver disease 4 Ab in Serum or Plasma by Line blot,20250303
360150,Autoimmune liver diseases IgG panel in Serum or Plasma by Line blot,20230501
350546,Bacteria # 2 identified and Susceptibility panel in Blood by Culture and Disk diffusion,20200505
350547,Bacteria # 2 identified and Susceptibility panel in Blood by Culture and Minimum inhibitory concentration (MIC),20200505
350549,Bacteria # 3 identified and Susceptibility panel in Blood by Culture and Disk diffusion,20200505
350550,Bacteria # 3 identified and Susceptibility panel in Blood by Culture and Minimum inhibitory concentration (MIC),20200505
350552,Bacteria identified and Susceptibility panel in Blood by Culture and Disk diffusion,20200505
350553,Bacteria identified and Susceptibility panel in Blood by Culture and Minimum inhibitory concentration (MIC),20200505
350618,Bacteria identified and Susceptibility panel in Dialysis Fluid by Culture and Disk diffusion,20200601
350617,Bacteria identified and Susceptibility panel in Dialysis Fluid by Culture and Minimum inhibitory concentration (MIC) ,20200601
350008,Bacteria identified in Blood by Aerobe culture and susceptibility panel,20200417
350012,Bacteria identified in Blood by Anaerobe culture and susceptibility panel,20200417
350028,"Bacteria identified in Blood by Culture and sensitivity, Automate ต่อ 1 ขวด",20191011
350002,Bacteria identified in Blood by Culture and susceptibility panel,20200417
350963,Bacteria identified in Body fluid by Aerobe culture and susceptibility panel,20210317
350619,Bacteria identified in Body fluid by Anaerobe culture and susceptibility panel,20200601
350960,Bacteria identified in Bone marrow by Aerobe culture and susceptibility panel,20210317
351007,Bacteria identified in Bronchial specimen by Aerobe culture and susceptibility panel,20210401
350965,Bacteria identified in Bronchoalveolar lavage by Aerobe culture and susceptibility panel,20210317
350688,Bacteria identified in Catheter tip by Aerobe culture and susceptibility panel,20200616
350928,Bacteria identified in Cerebral spinal fluid by Aerobe culture and susceptibility panel,20210401
350982,Bacteria identified in Cervix by Aerobe culture and susceptibility panel,20210317
350959,Bacteria identified in Eye by Aerobe culture and susceptibility panel,20210317
350976,Bacteria identified in Gastric content by Aerobe culture and susceptibility panel,20210317
350967,Bacteria identified in Penis by Aerobe culture and susceptibility panel,20210317
350896,Bacteria identified in Peritoneal fluid by Aerobe culture and susceptibility panel,20210118
350514,Bacteria identified in Pleural fluid by Anaerobe culture and susceptibility panel,20200417
350828,Bacteria identified in Pus by Aerobe culture and Susceptibility panel,20210201
350830,Bacteria identified in Rectal swab by Aerobe culture and susceptibility panel,20210201
350010,Bacteria identified in Sputum by Aerobe culture and susceptibility panel,20200417
350006,Bacteria identified in Sputum by Culture and susceptibility panel,20200417
350014,Bacteria identified in Stool by Anaerobe culture and susceptibility panel,20200417
350005,Bacteria identified in Stool by Culture and susceptibility panel,20200417
351271,Bacteria identified in Synovial fluid by Anaerobe culture and susceptibility panel,20240501
350832,Bacteria identified in Throat by Aerobe culture and susceptibility panel,20210201
350833,Bacteria identified in Tissue by Aerobe culture and susceptibility,20210104
350004,Bacteria identified in Urine by Culture and susceptibility panel,20200417
350969,Bacteria identified in Vaginal fluid by Aerobe culture and susceptibility panel,20210317
351316,Bacteria identified in Vesicle fluid by Aerobe culture and susceptibility panel,20250203
350009,Bacteria identified in Wound by Aerobe culture and susceptibility panel,20200417
350013,Bacteria identified in Wound by Anaerobe culture and susceptibility panel,20200417
350003,Bacteria identified in Wound by Culture and susceptibility panel,20200417
350007,Bacteria identified in XXX specimen by Aerobe culture and susceptibility panel,20200417
350011,Bacteria identified in XXX specimen by Anaerobe culture and susceptibility panel,20200417
350001,Bacteria identified in XXX specimen by Culture and susceptibility panel,20200417
350017,Bacterial Ag panel in CSF,20210401
350621,Bacterial Ag panel in Serum,20210401
350526,Bacterial susceptibility panel,20200417
350033,Bacterial susceptibility panel - Isolate by Minimum lethal concentration (MLC),20200518
350555,Bacterial susceptibility panel by Disk diffusion,20200505
350034,Bacterial susceptibility panel by Minimum inhibitory concentration (MIC),20191011
330435,Barbiturates panel in Blood by Confirmatory method,20220105
340043,B-cell CD27 and IgD subsets panel in Blood,20210802
340018,B-cell phenotyping panel - Blood,20191011
308103,Beta 2 glycoprotein 1 Ab IgA and IgG and IgM panel in Serum ,20240604
320581,Bilirubin direct and total panel in Serum or Plasma,20211001
320256,Blood Gas Analysis panel (Arterial Blood),20191011
320255,Blood Gas Analysis panel (Blood),20191011
320657,Blood Gas and Electrolye analysis in Artirial Blood,20230803
220109,Blood type and Indirect antibody screen panel - Blood,20220301
350016,Burkholderia pseudomallei IgG and IgM panel [Titer] in Serum by Immunofluorescence,20201102
320279,Cardiac enzymes,20200317
308101,Cardiolipin IgA and IgG and IgM panel in Serum,20230803
330209,Catecholamines 3 panel [pg/mL] in Plasma,20201001
300035,CBC W Auto Differential panel in Blood,20200518
300034,CBC with Ordered Manual Differential panel - Blood,20191011
300221,CD63 (Activated) and CD203c (Activated) Basophils/100 basophils in Blood by Flow cytometry (FC),20211001
360268,Celiac disease serology panel in Serum,20210716
300033,Cell count and Differential panel in Body fluid,20200518
300076,Cell count and Differential panel in Cerebral spinal fluid,20200518
300075,Cell count and Differential panel in Pericardial fluid,20200518
300077,Cell count and Differential panel in Peritoneal fluid,20200518
300078,Cell count and Differential panel in Pleural fluid,20200518
300079,Cell count and Differential panel in Synovial fluid or Joint fluid,20200518
300081,Cell count panel in Body fluid,20200518
381005,Chromosome analysis panel by Banding,20191011
381008,Chromosome analysis panel by FISH,20191011
370015,Chromosome study in Blood by FISH,20210216
360376,Chronic inflammatory demyelinating polyradiculoneuropathy (CIDP) Ab panel [Titer] in Cerebral spinal fluid by CBA,20250102
360377,Chronic inflammatory demyelinating polyradiculoneuropathy (CIDP) Ab panel [Titer] in Serum by CBA,20250102
330272,"clomiPRAMINE trough, clomiPRAMINE+Norclomipramine trough and Norclomipramine panel in Serum or Plasma",20210104
300082,Complete blood count panel in Blood by Automated count,20200616
351288,Coxsackievirus A6 and Coxsackievirus A16 and Enterovirus 71 RNA Panel in Cerebral spinal fluid by NAA with probe detection,20240902
351295,Coxsackievirus A6 and Coxsackievirus A16 and Enterovirus 71 RNA Panel in Nasal fluid by NAA with probe detection,20240902
351296,Coxsackievirus A6 and Coxsackievirus A16 and Enterovirus 71 RNA Panel in Stool by NAA with probe detection,20240902
351297,Coxsackievirus A6 and Coxsackievirus A16 and Enterovirus 71 RNA Panel in Wound by NAA with probe detection,20240902
351281,Coxsackievirus A6/A10/A16/Enterovirus 71 RNA Panel in XXX by PCR-Fluorescence,20240801
350125,Coxsackievirus B Ab panel [Titer] - Serum by Neutralization test,20191011
320663,Cytokines panel - Serum or Plasma,20240301
381274,Del(13)(q14) and del(17)(p13) in Blood or Tissue,20210618
351299,Dengue and Chikungunya and Zika and Yellow Fever and West nile virud RNA panel in Blood by NAA with probe detection,20240902
350952,Dengue and Chikungunya and Zika virus panel by NAA with probe detection,20210301
300053,Differential panel - Bone marrow,20191011
300054,Differential panel - Buffy coat,20200317
300084,Differential panel in Body fluid,20200518
220014,Direct antiglobulin (Coomb test) IgG and C3c by Gel method,20210618
220013,"Direct antiglobulin (Coomb's test)  IgG, IgM, IgA, C3c and C3d by Gel method",20210618
330448,Drugs of abuse 5 panel in Urine by Screen method,20220105
330496,Drugs of abuse panel - Blood by Screen method,20220401
330367,Drugs of abuse panel in Urine by Screen method,20210503
320258,"Electrolyte panel (Na, K, Cl, CO2) in Serum or Plasma",20200701
320441,Electrolytes 3 in Body fluid,20201116
320396,Electrolytes panel in 24 hour Urine,20200701
320397,Electrolytes panel in Urine,20200701
330427,ePHEDrine+Pseudoephedrine [ng/mL] in Serum or Plasma by Confirmatory method,20211201
220097,Extrinsic coagulation system thromboelastography panel in Blood,20210618
220099,Extrinsic coagulation system with fibrinolysis inhibition thromboelastography panel in Blood,20210618
320697,Fatty acid oxidation newborn screen panel,20250102
390011,First trimester maternal screen panel in Serum or Plasma,20200518
360276,Food allergen panel in Serum,20210813
360283,Ganglioside Ab panel in Serum,20210901
360234,Ganglioside IgG Ab panel in Serum by Immunoblot,20210317
360235,Ganglioside IgM Ab panel in Serum by Immunoblot,20210317
360308,Gastrointestinal pathogens DNA and RNA panel - Stool by NAA with non-probe detection,20220301
351181,Gastrointestinal pathogens panel in Stool by NAA with probe detection,20220301
381189,Gene panel testing for cardiology (Trio analysis),20210118
381190,Gene panel testing for dermatology (Singleton analysis),20210118
381191,Gene panel testing for dermatology (Trio analysis),20210118
381192,Gene panel testing for ear nose and throat (Singleton analysis),20210118
381193,Gene panel testing for ear nose and throat (Trio analysis),20210118
381194,Gene panel testing for endocrinology (Singleton analysis),20210118
381195,Gene panel testing for endocrinology (Trio analysis),20210118
381196,Gene panel testing for gastroenterology (Singleton analysis),20210118
381197,Gene panel testing for gastroenterology (Trio analysis),20210118
381198,Gene panel testing for hematology (Singleton analysis),20210118
381199,Gene panel testing for hematology (Trio analysis),20210118
381200,Gene panel testing for hereditary cancer (Singleton analysis),20210118
381201,Gene panel testing for hereditary cancer (Trio analysis),20210118
381202,Gene panel testing for immunology (Singleton analysis),20210118
381204,Gene panel testing for malformation (Singleton analysis),20210118
381205,Gene panel testing for malformation (Trio analysis),20210118
381206,Gene panel testing for metabolic disorder (Singleton analysis),20210118
381207,Gene panel testing for metabolic disorder (Trio analysis),20210118
381208,Gene panel testing for nephrology (Singleton analysis),20210118
381209,Gene panel testing for nephrology (Trio analysis),20210118
381210,Gene panel testing for neurology (Singleton analysis),20210118
381211,Gene panel testing for neurology (Trio analysis),20210118
381213,Gene panel testing for ophthalmology (Singleton analysis),20210118
381212,Gene panel testing for ophthalmology (Trio analysis),20210118
381214,Gene panel testing for pulmonology (Singleton analysis),20210118
381215,Gene panel testing for pulmonology (Trio analysis),20210118
381216,Gene panel testing for undiagnosed diseases (Singleton analysis),20210118
381217,Gene panel testing for undiagnosed diseases (Trio analysis),20210118
320379,Glucose [mg/dL] 2 ครั้ง in Serum or Plasma post 100 g glucose PO-Panel,20200518
320378,Glucose [mg/dL] 2 ครั้ง in Serum or Plasma post 50 g glucose PO-Panel,20200518
328005,Glucose [mg/dL] 2 ครั้ง in Serum or Plasma post 75 g glucose PO-Panel,20191011
328008,Glucose [mg/dL] 2 ครั้ง in Serum or Plasma post glucose PO-Panel,20200518
328007,Glucose [mg/dL] 6 ครั้ง และ Somatotropin [mIU/L] in Serum or Plasma 5 ครั้ง post 75 g glucose PO-Panel,20191011
328010,Glucose [mg/dL] ไม่ต่ำกว่า 4 ครั้ง in Serum or Plasma glucose PO-Panel,20200701
328011,Glucose [mg/dL] ไม่ต่ำกว่า 4 ครั้ง in Serum or Plasma post 100 g glucose PO-Panel,20200701
328009,Glucose [mg/dL] ไม่ต่ำกว่า 4 ครั้ง in Serum or Plasma post 50 g glucose PO-Panel,20200518
328006,Glucose [mg/dL] ไม่ต่ำกว่า 4 ครั้ง in Serum or Plasma post 75 g glucose PO-Panel,20191011
320629,Glucose post glucagon stimulation panel in Serum or Plasma,20220801
330366,Heavy metals panel in Urine,20210503
300123,Hemoglobin panel in Blood by Electrophoresis,20200601
300124,Hemoglobin panel in Blood by HPLC,20200601
350761,Hepatitis A and B and C virus immunity AndOr previous exposure panel in Serum or Plasma,20201001
350165,Hepatitis B virus resistance panel by Genotype method,20191011
350484,"Hepatitis C virus HCV Ab (Hepatitis C Antibody) in Serum, Plasma or Blood by Immunoassay",20201116
351201,Herpes simplex virus 1 and 2 DNA panel in Blood by NAA with probe detection,20220401
351184,Herpes simplex virus 1 and 2 DNA panel in Serum or Plasma by NAA with probe detection,20220401
351120,Herpes simplex virus 1 and 2 DNA panel in XXX specimen by NAA with probe detection,20210802
351065,Herpes simplex virus1 and 2 IgG Ab [Titer] in Cerebral spinal fluid by Immunofluorescence,20210503
351068,Herpes simplex virus1 and 2 IgG Ab [Titer] in Serum by Immunofluorescence,20210503
351061,Herpes simplex virus1 and 2 IgM Ab [Titer] in Cerebral spinal fluid by Immunofluorescence,20210503
351066,Herpes simplex virus1 and 2 IgM Ab [Titer] in Serum by Immunofluorescence,20210503
350615,Herpes virus 7 DNA [+/-] in Cerebral spinal fluid by NAA with probe detection,20200601
351234,"HIV 1 and 2 Ab panel in Serum, Plasma or Blood by Rapid immunoassay",20230103
350219,"HIV-1 Drug resistance genotype to reverse transcriptase inhibitors (NRTI, NNRTI)",20200803
380024,HLA Ab panel - Serum,20191011
380014,"HLA class II DNA high resolution (DRB, DQB) typing - Panel ",20210104
380015,"HLA class II DNA low resolution (DRB, DQB) typing - Panel",20210104
380020,HLA-A and B and C (class I) IgG panel [Identifier] - Serum or Plasma by Immunoassay,20191011
380021,HLA-DP and DQ and DR (class II) IgG panel [Identifier] - Serum or Plasma by Immunoassay,20191011
381243,Human papilloma virus 16 and 18 and 31+33+35+39+45+51+52+56+58+59+66+68 DNA - Cervix,20210301
351224,Human papilloma virus high and Low risk DNA panel in Cervix,20220701
350751,Human papilloma virus rRNA [+/-] in Genital specimen by NAA with probe detection,20200901
220113,Human Platelet Antigen (HPA) panel [Type] in Blood,20230103
351004,IFA IgG and IgM for Leptospira Leptospirosis in Serum or Plasma by IFA,20210401
360237,IFA Profile for IgG and IgM Ab for Leptospira sp. Orientia tsutsugamushi Rickettsia typhi in Serum or Plassma by IFA,20210317
350934,IgG and IgM Ab for Leptospira sp. Orientia tsutsugamushi Rickettsia typhi in Serum or plasma by Indirect Immunofluorescent assay,20210216
360092,IgG subclass panel [mg/dL] - Serum,20191011
360291,Indoor respiratory allergen IgE panel in Serum,20211101
330213,Indoxyl Sulfate Free Form [ug/mL] in Serum or Plassma,20201001
360345,Inflammatory bowel disease Ab panel - Serum ,20240301
351014,Influenza virus A and B and Respiratory syncytial virus RNA panel in Upper respiratory specimen by NAA with probe detection,20210401
351237,Influenza virus A and B and Respiratory syncytial virus RNA panel in Upper respiratory specimen by Rapid Immunoassay,20230201
351238,Influenza virus A and B and SARS-CoV+SARS-CoV-2 (COVID-19) Ag panel in Upper respiratory by Rapid immunoassay,20230201
351247,Influenza virus A and B and SARS-CoV-2 (COVID-19) and Respiratory syncytial virus RNA panel in Respiratory specimen by NAA with probe detection,20230703
351159,Influenza virus A and B and SARS-CoV-2 (COVID-19) RNA panel in Respiratory specimen by NAA with probe detection,20220105
360179,Intercellular substance IgG Ab and Basement membrane IgG Ab in Serum by Immunofluorescence,20210104
220096,Intrinsic coagulation system thromboelastography panel in Blood,20210618
220100,Intrinsic coagulation system with heparin inhibition thromboelastography panel in Blood,20210618
300220,Iron and Iron binding capacity panel in Serum or Plasma,20211001
351289,JC viurs and BK virus and Adenovirus and Cytomegalovirus and Epstein-Barr virus DNA Panel in Amniotic Fluid by NAA with probe detection,20240902
351290,JC viurs and BK virus and Adenovirus and Cytomegalovirus and Epstein-Barr virus DNA Panel in Bone marrow by NAA with probe detection,20240902
351291,JC viurs and BK virus and Adenovirus and Cytomegalovirus and Epstein-Barr virus DNA Panel in Bronchoalveolar lavage by NAA with probe detection,20240902
351293,JC viurs and BK virus and Adenovirus and Cytomegalovirus and Epstein-Barr virus DNA Panel in Tissue by NAA with probe detection,20240902
351294,JC viurs and BK virus and Adenovirus and Cytomegalovirus and Epstein-Barr virus DNA Panel in Urine by NAA with probe detection,20240902
381182,KIR genotyping panel in Blood or Tissue,20210104
220071,Le sup(a) and  sup(b) Ag on Red Blood Cells,20210623
220070,Le sup(a) and  sup(b) Ag on Red Blood Cells from Donor,20210623
220069,Le sup(a) and sup(b) Ag on Red Blood Cells from Blood product unit,20210618
350927,Leptospira sp.IgG and IgM Ab in Serum or Plasma by Indirect immunofluorescent assay,20210216
320259,"Lipid profile (Cholesterol, HDL-chol,  LDL-chol, TG)",20191011
360343,Liver diseases autoimmune Ab panel - Serum or Plasma ,20240301
320261,Liver function test in Serum or Plasma,20200701
360093,Lymphocyte proliferation panel - Blood,20191011
340048,Lymphocyte T-cell and B-cell and Natural killer subsets panel in Blood,20220105
340027,Lymphoma - CLL screen panel - in Bone marrow by Flow cytometry (FC),20200601
340028,Lymphoma - CLL screen panel - in Serum or Plasma by Flow cytometry (FC),20200601
340023,Lymphoma - CLL screen panel - XXX specimen by Flow cytometry (FC),20191011
340020,Lymphoma panel - XXX specimen by Flow cytometry (FC),20191011
351140,Malaria Ag panel in Blood by Immunochromatographic,20211101
350936,Malaria test thick film and thin film in Blood by Microscopic observation,20210216
351097,Meningitis+Encephalitis pathogens DNA and RNA panel in Cerebral spinal fluid by NAA with non-probe detection,20210716
320262,Metabolic screen,20191011
320267,Metanephrine and Normetanephrine panel - Urine,20191011
320208,Metanephrine and Normetanephrine panel [ng/mL] - Serum or Plasma,20191011
381414,Microbial whole genome sequencing and assembly in XXX specimen by Nanopore Sequencing,20250303
300182,Microbiology panel in Stool,20210201
350715,Microscopic observation [Identifier] in ascitic fluid specimen by Gram stain,20200701
350651,Microscopic observation in Pus by Giemsa stain,20210401
350654,Microscopic observation in Skin by Giemsa stain,20210401
350655,Microscopic observation in Sputum by Giemsa stain,20210401
350856,MTB complex DNA and rpoB RIF resistance mutation panel in XXX specimen,20210104
350073,Mycobacterial susceptibility panel by Method for Slow-growing mycobacteria,20191011
350657,Mycobacterium sp DNA [+/-] in Body fluid by NAA with probe detection,20200601
350686,Mycobacterium sp DNA [+/-] in Serum/Plasma by NAA with probe detection,20241001
350658,Mycobacterium sp DNA [+/-] in Stool by NAA with probe detection,20200601
350800,Mycobacterium sp identified in Blood by Organism specific culture and Susceptibility,20201116
351319,Mycobacterium tuberculosis complex resistance panel by Nested real-time PCR,20250303
350086,Mycobacterium tuberculosis complex rifampin and isoniazid resistance panel by Molecular genetics method,20191011
350065,Mycobacterium tuberculosis stimulated gamma interferon panel - Blood,20191011
340025,Natural killer cell panel - Blood by Flow cytometry (FC),20191011
320049,Neonatal bilirubin panel [mg/dL ] - Serum or Plasma,20191011
360292,Neutrophil Ab and HLA Ab screen panel in Serum or Plasma,20211101
320591,Newborn screening panel American Health Information Community (AHIC),20211201
381247,Noninvasive prenatal fetal aneuploidy test panel in Plasma cell-free DNA,20210301
330501,Opiates panel - Meconium by Confirmatory method,20220901
351023,Orientia tsutsugamushi IgG and IgM Ab [Titer] in Serum or plasma By Immunofluorescent,20210401
350941,Ova and parasites identified in Stool by Fresh preparation and concentration ,20210216
360077,Paraneoplastic Ab Panel - Serum,20191011
360382,Paraneoplastic Ab panel in Cerebral spinal fluid by Immunofluorescence,20250303
340034,Paroxysmal nocturnal panel in Blood,20210201
330308,Pesticide and Insecticide panel in Serum or Plasma,20210201
308035,Platelet aggregation panel - Platelet rich plasma [%],20200601
308104,Platelet function.collagen + Adenosine diphosphate induced and EPINEPHrine induced panel in Blood,20241202
340045,Platelet surface glycoprotein disorders panel in Blood by Flow cytometry (FC),20211201
320524,Porphyrin fractions panel [ug/dL] - Serum or Plasma,20210301
320543,Porphyrin fractions panel in Urine,20210401
320596,Protein and Glucose panel in Urine by Test strip,20211201
360096,Protein Fractions [Interpretation] in Serum or Plasma by Electrophoresis,20191011
360095,Protein Fractions [Interpretation] in Serum or Plasma by Immunofixation,20191011
360097,Protein Fractions [Interpretation] in Urine by Electrophoresis,20191011
308093,PT and aPTT panel in Platelet poor plasma by Coagulation assay,20211001
308091,PT mixing study panel in Platelet poor plasma by Coagulation assay,20210623
351110,Respiratory pathogen panel in Respiratory specimen by NAA with probe,20210802
350922,Respiratory pathogens DNA and RNA 12a panel in XXX specimen by NAA with probe detection,20210201
351300,Respiratory pathogens DNA and RNA 22a panel in XXX by NAA with probe detection,20240902
351057,Respiratory pathogens panel  Nasopharynx by Multiple Real-Time PCR,20210503
350876,Respiratory pathogens panel XXX specimen by Organism specific culture,20210104
350951,Respiratory viral pathogens DNA and RNA panel - Respiratory specimen Qualitative by NAA with probe detection,20210301
351111,Respiratory virus panel in Respiratory specimen by NAA with probe,20210802
320450,Riboflavin and flavin mononucleotide and flavin adenine dinucleotide panel in Serum or Plasma,20201116
350041,Rickettsia typhi Ab [Titer] in Serum,20191011
351101,Rotavirus and Adenovirus Ag panel in Stool by Rapid immunoassay,20210716
351143,"SARS-CoV-2 (COVID-19) IgM and IgG Ab [+/-] in Serum, Plasma or Blood by Rapid immunoassay",20211101
390013,Second trimester quad maternal screen panel in Serum or Plasma,20200518
390018,Second trimester triple maternal screen panel in Serum or Plasma,20200518
390004,Semen analysis panel,20200417
381354,Sequence variation panel in Blood or Tissue by Molecular genetics method,20220301
381076,Sequencing methodology panel - Blood or Tissue by Molecular genetics method,20191011
381104,Sequencing with dye 20 reactions,20200601
351113,Serum inhibitory titer and Serun bactericidal titer panel in Serum,20210802
381226,Sexually transmitted pathogens panel in XXX specimen by NAA with probe detection,20210201
360309,Smith extractable nuclear Ab and Ribonucleoprotein extractable nuclear Ab panel - Serum,20220401
370004,Specific IgE Ab [U/L] in Serum by Multidisk (3 allergens),20210401
370005,Specific IgE Ab [U/L] in Serum by Multidisk (5 allergens),20210401
370006,Specific IgE Ab [U/L] in Serum by Multidisk (7 allergens),20210401
320426,Steroid fractions panel in Serum or Plasma,20201001
330517,Stimulants drug panel in Urine by Screen method,20230403
320264,Stone composition analysis panel,20191011
360337,Streptococcus pneumoniae IgG [ug/ml] Serotype in serum by Enzyme-linked immunosorbent assay,20231101
350785,Strongyloides sp and Ancylostoma sp identified in XXX Specimen by Organism specific culture,20201102
340019,T-cell regulatory subsets panel - Blood,20191011
351025,T-cell subsets CD4 and CD8 panel in Blood,20210401
381127,"Thalassemia, alpha non-deletion mutations - Multiplex PCR - ASA",20201116
381071,"Thalassemia, deletion (alpha SEA, THAI, -3.7, -4.2) - Multiplex gap PCR",20201116
381128,"Thalassemia, deletion analysis (alpha SEA and THAI) - PCR",20201116
320545,Thyroid newborn screening panel,20210401
320403,Thyroperoxidase Ab [U/mL] in Serum or Plasma by Immunoassay,20211101
350776,TORCH 1996 panel in Serum,20201001
351092,TORCH antibody IgG Panel in Serum,20210623
360232,TORCH antibody IgG Panel in XXX specimen,20210317
351091,TORCH antibody IgM Panel in Serum,20210623
360233,TORCH antibody IgM Panel in XXX specimen,20210317
381183,TPMT gene and NUDT15 gene targeted mutation analysis in Blood or Tissue by Molecular genetics method,20210104
220016,Type and screen (ABO + Rh + ab screening) By Gel method,20210618
220015,Type and screen (ABO + Rh + ab screening) By Tube method,20210618
310015,Urinalysis dipstick W Reflex Microscopic panel - Urine,20191011
310071,Urinalysis microscopic panel in Urine Qualitative by Automated,20210317
320265,Urine organic acid analysis panel,20191011
328013,Water deprivation challenge panel in Urine and Serum or Plasma,20231201
300209,WBC Count and Differential for Blood Component,20210503
