GPPID1,GPPID2
1186257,1044174
1044249,1044265
1044306,1044323
1044381,1044404
1044470,1044491
1044539,1044556
1044594,1044616
1044659,1044671
1044713,1044732
1044750,1044778
1206419,1044830
1162152,1044853
1162374,1044876
1044951,1044979
1044998,1045016
1159773,1045059
1180688,1045071
1045139,1045156
1045173,1045194
1045211,1045230
1045253,1045276
1045295,1045314
1045419,1045435
1172892,1045474
1182237,1045517
1045658,1045670
1045691,1045712
1045997,1046015
1046036,1046058
1046138,1046155
1046172,1046193
1046252,1046275
1046299,1046313
1046332,1046350
1046418,1046439
1046456,1046473
1046494,1046516
1046537,1046559
1046592,1046619
1046635,1046657
1149434,1046753
1046833,1046851
1046879,1046898
1046912,1046931
1046954,1046977
1046996,1047012
1047031,1047054
1047077,1047096
1046537,1047168
1047201,1047229
1047390,1047414
1047433,1047451
1047433,1047479
1047511,1047530
1214682,1047576
1047613,1047632
1193549,1047763
1193512,1047785
1047860,1047887
1047943,1047962
1047943,1047989
1048026,1048042
1215758,1048061
1048088,1048100
1153150,1048128
1148427,1048192
1152539,1048214
1152587,1048233
1048251,1048279
1048298,1048312
1048331,1048354
1048377,1048396
1048493,1048515
1048536,1048543
1048570,1048591
1048639,1048656
1048694,1048710
1048809,1048821
1048866,1048884
1048995,1049010
1049099,1049113
1152310,1049150
1174394,1050150
1050243,1050262
1050338,1050355
1050393,1050412
1050546,1050567
1206419,1050774
1199255,1050800
1050844,1050863
1050939,1050956
1050939,1050973
1051046,1051067
1051120,1051149
1197183,1051344
1051385,1051407
1152265,1051647
1051739,1051756
1051794,1051815
1051917,1051938
1051972,1051993
1152692,1052116
1052280,1052308
1189515,1052455
1168069,1052723
1171776,1052809
1053008,1053020
1053217,1053238
1053303,1053326
1053303,1053342
1053303,1053361
1053405,1053422
1053553,1053576
1053666,1053684
1053728,1053744
1053785,1053802
1053989,1054002
1054073,1054094
1054162,1054189
1054250,1054278
1054348,1054369
1054437,1054459
1054492,1054519
1054557,1054574
1054617,1054638
1054877,1054896
1055161,1055188
1055208,1055220
1055249,1055265
1055283,1055306
1055323,1055347
1055368,1055381
1055404,1055427
1055443,1055462
1055489,1055502
1055525,1055541
1050844,1055594
1055616,1055637
1055659,1055671
1055692,1055713
1044539,1055807
1055824,1055848
1055869,1055882
1055905,1055922
1055946,1055967
1055980,1056000
1056044,1056063
1056085,1056102
1056125,1056141
1056160,1056187
1056207,1056224
1056248,1056269
1056282,1056305
1056322,1056346
1056367,1056380
1056403,1056426
1056442,1056461
1056488,1056501
1056529,1056540
1056564,1056586
1056604,1056627
1056643,1056662
1056689,1056708
1056720,1056749
1056765,1056783
1056806,1056823
1056847,1056868
1056881,1056909
1056921,1056945
1056966,1056984
1057009,1057021
1057045,1057066
1057084,1057107
1057124,1057148
1057169,1057182
1057202,1057225
1057241,1057260
1057287,1057304
1057327,1057343
1057389,1057406
1057423,1057447
1057468,1057481
1057520,1057549
1057565,1057583
1046252,1057614
1057633,1057651
1057679,1057698
1057717,1057738
1057755,1057772
1057793,1057819
1057835,1057857
1057890,1057916
1057937,1057959
1057971,1057992
1046456,1058027
1058043,1058062
1058089,1058101
1058129,1058140
1058164,1058186
1058206,1058223
1058247,1058268
1058309,1058321
1058345,1058366
1058384,1058402
1058425,1058441
1058460,1058487
1058500,1058528
1058585,1058603
1058642,1058661
1058688,1058707
1058724,1058748
1058769,1058782
1058805,1058822
1058846,1058867
1058880,1058908
1058920,1058949
1058965,1058983
1059007,1059024
1059048,1059069
1059082,1059105
1059122,1059146
1059167,1059180
1059200,1059228
1059244,1059263
1059285,1059302
1059325,1059341
1059360,1059387
1059409,1059421
1059445,1059466
1059484,1059506
1059523,1059547
1059568,1059581
1059608,1059620
1059649,1059665
1059683,1059704
1059727,1059743
1059762,1059789
1059864,1059886
1059903,1059926
1059942,1059961
1059988,1060002
1060025,1060041
1060104,1060127
1060162,1060189
1060209,1060221
1060245,1060266
1060284,1060307
1060324,1060348
1060369,1060382
1060400,1060428
1060444,1060463
1060485,1060503
1060526,1060542
1060588,1060601
1060629,1060640
1060664,1060686
1060705,1060722
1060746,1060767
1060780,1060808
1060820,1060849
1060865,1060883
1060906,1060923
1060947,1060968
1060981,1061003
1061042,1061061
1061088,1061100
1061128,1061144
1061163,1061185
1061205,1061222
1044470,1061251
1061331,1061354
1061377,1061396
1061417,1061438
1061455,1061472
1061493,1061515
1061536,1061558
1061591,1061618
1061639,1061656
1061673,1061694
1061710,1061734
1061752,1061775
1061799,1061813
1061832,1061850
1061878,1061897
1061911,1061930
1061953,1061976
1061995,1062014
1062033,1062051
1062079,1062098
1062112,1062131
1062177,1062196
1062219,1062235
1062257,1062274
1062290,1062316
1062359,1062371
1062392,1062411
1062430,1062453
1062476,1062495
1062513,1062532
1062550,1062578
1062597,1062610
1062634,1062652
1062675,1062699
1062718,1062739
1062756,1062773
1062794,1062815
1062836,1062858
1062870,1062891
1062917,1062938
1062955,1062972
1062993,1063016
1063037,1063059
1063071,1063092
1063118,1063139
1063156,1063173
1063194,1063211
1063230,1063253
1063276,1063295
1063314,1063333
1063351,1063379
1063398,1063419
1063435,1063457
1063474,1063490
1063517,1063538
1063555,1063572
1063593,1063615
1063636,1063658
1063670,1063691
1063712,1063731
1063754,1063777
1063796,1063810
1051917,1063852
1063875,1063899
1063913,1063932
1063950,1063978
1063997,1064010
1064034,1064052
1064075,1064099
1064113,1064132
1064150,1064178
1064197,1064215
1064236,1064258
1064270,1064291
1064317,1064338
1064355,1064372
1064412,1064431
1064454,1064477
1064496,1064514
1064551,1064579
1064630,1064653
1064676,1064695
1064719,1064735
1064774,1064790
1064816,1064837
1064871,1064892
1064918,1064939
1064956,1064973
1064994,1065011
1065030,1065053
1065076,1065095
1065114,1065133
1065151,1065179
1065198,1065216
1065237,1065259
1065271,1065292
1065339,1065356
1065373,1065394
1065413,1065432
1065450,1065478
1065497,1065510
1065534,1065552
1065575,1065599
1065612,1065631
1065677,1065696
1065715,1065736
1065758,1065770
1065791,1065817
1065838,1065855
1065872,1065893
1065919,1065935
1065957,1065974
1065990,1066012
1066031,1066054
1046332,1066106
1066123,1066147
1066168,1066181
1066201,1066229
1066240,1066264
1066303,1066326
1066342,1066361
1066388,1066405
1066446,1066467
1066507,1066524
1066548,1066569
1066582,1066609
1066684,1066700
1066684,1066728
1066744,1066763
1066785,1066802
1066825,1066841
1066860,1066887
1066904,1066927
1066943,1066962
1066989,1067004
1067027,1067043
1067062,1067089
1067101,1067129
1067140,1067164
1067186,1067206
1067223,1067247
1067223,1067275
1067299,1067313
1067332,1067350
1067397,1067418
1067439,1067456
1067473,1067494
1067516,1067537
1067559,1067571
1067592,1067619
1067635,1067657
1067674,1067690
1067711,1067730
1067753,1067776
1067795,1067814
1067833,1067851
1067879,1067898
1067912,1067931
1067954,1067977
1067996,1068013
1068032,1068050
1068078,1068097
1068111,1068130
1068153,1068176
1068195,1068218
1068239,1068256
1068273,1068294
1068315,1068336
1068358,1068370
1068391,1068410
1068434,1068452
1068475,1068499
1068512,1068531
1046036,1068565
1045997,1068596
1068614,1068633
1068651,1068679
1068698,1068717
1068738,1068755
1068819,1068835
1068857,1068874
1068890,1068916
1068971,1068992
1069017,1069038
1069055,1069072
1069093,1069119
1069157,1069174
1069190,1069212
1069254,1069277
1069296,1069310
1069334,1069352
1069375,1069399
1069415,1069436
1069470,1069491
1069518,1069539
1069556,1069573
1069594,1069616
1069637,1069659
1069671,1069692
1069713,1069732
1069750,1069778
1069797,1069811
1069830,1069853
1069876,1069895
1069914,1069933
1069951,1069979
1069998,1070016
1070059,1070071
1070092,1070118
1070139,1070156
1070173,1070194
1070211,1070230
1070253,1070276
1070295,1070314
1070333,1070351
1070379,1070398
1070419,1070435
1070490,1070517
1070538,1070555
1070572,1070593
1070615,1070636
1070658,1070670
1070691,1070712
1070731,1070754
1070777,1070796
1070810,1070834
1047433,1070868
1070881,1070909
1070945,1070966
1070984,1071001
1071029,1071040
1044998,1071072
1071119,1071135
1071174,1071190
1071231,1071254
1071277,1071296
1071310,1071334
1071399,1071415
1071436,1071458
1071470,1071491
1071518,1071539
1071556,1071573
1071594,1071616
1071637,1071659
1071671,1071692
1071713,1071732
1071750,1071778
1071797,1071811
1071830,1071853
1071876,1071895
1071914,1071933
1071951,1071979
1071998,1072012
1072031,1072054
1072077,1072096
1072110,1072134
1072199,1072217
1072238,1072255
1072272,1072293
1072319,1072335
1072357,1072374
1072390,1072414
1072433,1072451
1072479,1072498
1072511,1072530
1072553,1072576
1072595,1072613
1072632,1072650
1072678,1072697
1072716,1072737
1072759,1072771
1072632,1072818
1072856,1072873
1072894,1072915
1072936,1072958
1072970,1072991
1073019,1073035
1073057,1073074
1073090,1073116
1073137,1073159
1073171,1073192
1073214,1073233
1073251,1073279
1073298,1073312
1073331,1073354
1073377,1073396
1073417,1073438
1073472,1073493
1073515,1073536
1073570,1073591
1073618,1073639
1073656,1073673
1073694,1073710
1073734,1073752
1073775,1073799
1073813,1073832
1073850,1073878
1073897,1073911
1073930,1073953
1073976,1073995
1074013,1074032
1074050,1074078
1074097,1074111
1074130,1074153
1074176,1074195
1074218,1074239
1074256,1074273
1074294,1074315
1074336,1074358
1074391,1074410
1074434,1074452
1074475,1074499
1074512,1074531
1074554,1074577
1074596,1074614
1074651,1074679
1074698,1074717
1074738,1074755
1074772,1074793
1074819,1074835
1074857,1074874
1074916,1074937
1074959,1074971
1074992,1075014
1075033,1075051
1075079,1075098
1075112,1075131
1075154,1075177
1075196,1075219
1075235,1075257
1075290,1075316
1075337,1075359
1075371,1075392
1051385,1075448
1075469,1075482
1075521,1075545
1075566,1075584
1075606,1075623
1075647,1075668
1075681,1075702
1075725,1075741
1075787,1075804
1075843,1075862
1075889,1075901
1075964,1075986
1076023,1076047
1076068,1076081
1218740,1076109
1211192,1076121
1076184,1076204
1076227,1076243
1076262,1076289
1076301,1076329
1048472,1076364
1076420,1076449
1189543,1076483
1076505,1076522
1076546,1076567
1076607,1076624
1076648,1076669
1076682,1076703
1076726,1076742
1076788,1076800
1076844,1076863
1076844,1076885
1076902,1076925
1076941,1076960
1076987,1077002
1077041,1077060
1077087,1077104
1077127,1077143
1077162,1077189
1077209,1077221
1077266,1077284
1075337,1077311
1077330,1077353
1077376,1077395
1149481,1077416
1077492,1077519
1077535,1077557
1077574,1077590
1077617,1077638
1211137,1077672
1077693,1077714
1077733,1077751
1077779,1077798
1077812,1077831
1077854,1077877
1077896,1077910
1077952,1077975
1077999,1078011
1078030,1078053
1078076,1078095
1078114,1078133
1078151,1078179
1078198,1078216
1078237,1078259
1078271,1078292
1078318,1078339
1078432,1078450
1078534,1078552
1078599,1078612
1078631,1078654
1078677,1078696
1078715,1078736
1078758,1078770
1078791,1078817
1078838,1078855
1078893,1078919
1078957,1078974
1078990,1079015
1079058,1079070
1079091,1079117
1079138,1079155
1079138,1079172
1079210,1079234
1079252,1079275
1079299,1079313
1079378,1079397
1079418,1079439
1079473,1079494
1079516,1079537
1079559,1079571
1079592,1079619
1079657,1079674
1058384,1079707
1079724,1079748
1063037,1079776
1079795,1079814
1079833,1079851
1058500,1079880
1055443,1079920
1079965,1079983
1080029,1080040
1080064,1080086
1080103,1080126
1080212,1080231
1080254,1080277
1080296,1080310
1080352,1080375
1080399,1080415
1080458,1080470
1080491,1080518
1080556,1080573
1080594,1080616
1080671,1080692
1080713,1080732
1057835,1080807
1080848,1080869
1080882,1080905
1080922,1080946
1080967,1080980
1081002,1081025
1081060,1081087
1081104,1081127
1081189,1081209
1081221,1081245
1048570,1081278
1050844,1081307
1058688,1081353
1081395,1081416
1081437,1081459
1081471,1081492
1081519,1081535
1081557,1081574
1081590,1081617
1081638,1081655
1081672,1081693
1081714,1081733
1081751,1081779
1081877,1081896
1081910,1081934
1056248,1081968
1081981,1082009
1082107,1082124
1082148,1082169
1082182,1082202
1082241,1082260
1082287,1082304
1082327,1082343
1082362,1082389
1082406,1082423
1082447,1082468
1082508,1082520
1082549,1082565
1082583,1082605
1082622,1082646
1082667,1082680
1082701,1082729
1082740,1082764
1082786,1082803
1082826,1082842
1082826,1082874
1082890,1082916
1082959,1082971
1082992,1083015
1083036,1083058
1083070,1083091
1083138,1083155
1083172,1083193
1083210,1083234
1083275,1083299
1083313,1083332
1083350,1083378
1083418,1083439
1083456,1083473
1083494,1083516
1083537,1083559
1083571,1083592
1083635,1083657
1083674,1083690
1059523,1083724
1083674,1083753
1083776,1083795
1046494,1083822
1059523,1083846
1083867,1083880
1083908,1083920
1083949,1083965
1083983,1084005
1084046,1084067
1084080,1084108
1084183,1084203
1059445,1084235
1057520,1084261
1059568,1084316
1084337,1084359
1084371,1084392
1057389,1084424
1057468,1084453
1084476,1084495
1084513,1084532
1084634,1084652
1084699,1084718
1084739,1084756
1084773,1084794
1084815,1084836
1084955,1084972
1085010,1085034
1085052,1085075
1085099,1085113
1085204,1085227
1085204,1085243
1085262,1085289
1085301,1085329
1085340,1085364
1085386,1085408
1085420,1085449
1085505,1085522
1085598,1085611
1085630,1085653
1085676,1085695
1085719,1085735
1085757,1085774
1085790,1085816
1085837,1085859
1085871,1085892
1085918,1085939
1085956,1085973
1086011,1086030
1086053,1086076
1086095,1086114
1086133,1086151
1086179,1086198
1086216,1086237
1086259,1086271
1086292,1086318
1086360,1086387
1086409,1086421
1086445,1086466
1086484,1086506
1047201,1086534
1047201,1086568
1086581,1086608
1086620,1086649
1070691,1086665
1086683,1086704
1070731,1086736
1086791,1086817
1086838,1086855
1086872,1086893
1086919,1086935
1086957,1086974
1086990,1087019
1087035,1087057
1044998,1087088
1087100,1087128
1071157,1087163
1087185,1087205
1087308,1087320
1087349,1087365
1087383,1087401
1087429,1087440
1087464,1087486
1087527,1087543
1087562,1087589
1087625,1087641
1087687,1087706
1087723,1087747
1087768,1087781
1087809,1087821
1087845,1087866
1087907,1087924
1088181,1088201
1088229,1088240
1088264,1088286
1088303,1088326
1088342,1088361
1088388,1088405
1088422,1088446
1088467,1088480
1088507,1088524
1088609,1088621
1073171,1088678
1073137,1088700
1088728,1088744
1088763,1088785
1088802,1088825
1088841,1088860
1088887,1088904
1088927,1088943
1088962,1088989
1089000,1089028
1089044,1089063
1089085,1089102
1089160,1089187
1089207,1089224
1089269,1089282
1089305,1089322
1089346,1089367
1089269,1089398
1089305,1089426
1089461,1089488
1089501,1089529
1089540,1089564
1089627,1089643
1089662,1089689
1089708,1089720
1089749,1089765
1089783,1089806
1089823,1089847
1089868,1089881
1089909,1089921
1089945,1089966
1089984,1090009
1090021,1090045
1090066,1090084
1090169,1090182
1090202,1090225
1076227,1090256
1090273,1090294
1090315,1090336
1090358,1090370
1090391,1090410
1090475,1090499
1090554,1090577
1090596,1090614
1090633,1090651
1090698,1090717
1090738,1090755
1090738,1090772
1090793,1090819
1090857,1090874
1090916,1090937
1090971,1090992
1091012,1091031
1091096,1091110
1075964,1091168
1091201,1091229
1077655,1091255
1091272,1091293
1091272,1091319
1199962,1091759
1159827,1091873
1159870,1091894
1168114,1092119
1092404,1092427
1055489,1092443
1055443,1092470
1092491,1092518
1092539,1092556
1092573,1092594
1092616,1092637
1092692,1092713
1092750,1092778
1092876,1092895
1092914,1092933
1092979,1092998
1093010,1093034
1093052,1093075
1093113,1093132
1093150,1093178
1093204,1093227
1093262,1093289
1093329,1093340
1093364,1093386
1093408,1093420
1093449,1093465
1093483,1093505
1093522,1093546
1093567,1093580
1093607,1093624
1093648,1093669
1093726,1093742
1093800,1093828
1093844,1093863
1093885,1093902
1093925,1093941
1093960,1093987
1094000,1094028
1094044,1094063
1094085,1094102
1068111,1094139
1068078,1094160
1094207,1094224
1094248,1094269
1094282,1094305
1094322,1094346
1094367,1094380
1094403,1094426
1094442,1094461
1094488,1094501
1046036,1094538
1094555,1094572
1094593,1094615
1094636,1094658
1094670,1094691
1094712,1094731
1094810,1094834
1094852,1094875
1094899,1094913
1094978,1094997
1095015,1095036
1095058,1095070
1095091,1095117
1095138,1095155
1095193,1095210
1095234,1095252
1095299,1095313
1095332,1095350
1095378,1095397
1095418,1095439
1095473,1095494
1095537,1095559
1095592,1095619
1095635,1095657
1095674,1095690
1095753,1095776
1095833,1095851
1095879,1095898
1065758,1095920
1095977,1095996
1096019,1096035
1096057,1096074
1096019,1096100
1096192,1096214
1096298,1096312
1096331,1096354
1096377,1096396
1096417,1096438
1096515,1096536
1096591,1096618
1096639,1096656
1096673,1096694
1096710,1096734
1096752,1096775
1096799,1096813
1096832,1096850
1096878,1096897
1096911,1096930
1096953,1096976
1097053,1097076
1045810,1097105
1097122,1097146
1097167,1097180
1097200,1097228
1075196,1097259
1097292,1097318
1097339,1097356
1097373,1097394
1191580,1097872
1196161,1097893
1159033,1097935
1191567,1097974
1162106,1098395
1209801,1098492
1210808,1098779
1205980,1098877
1159033,1098923
1213490,1099080
1187491,1099112
1211543,1099300
1148038,1099344
1194090,1099550
1162569,1099634
1211057,1099843
1184123,1100039
1100143,1100162
1100278,1100297
1100382,1100400
1100542,1100561
1100733,1100751
1075196,1101308
1101377,1101396
1211163,1101438
1071174,1101618
1102288,1102300
1074916,1102385
1065715,1102430
1202171,1103269
1183910,1103380
1194280,1103426
1195471,1103488
1172844,1103572
1212566,1103847
1198160,1103868
1213712,1103881
1213691,1103909
1213731,1103921
1104431,1104454
1104496,1104514
1104551,1104579
1104611,1104630
1104774,1104790
1104987,1105007
1105179,1105198
1105599,1105612
1209581,1106077
1168167,1106147
1106414,1106433
1106582,1106609
1106792,1106818
1106792,1106839
1069296,1106927
1069334,1106970
1107015,1107036
1091134,1107247
1107366,1107384
1055368,1107418
1107439,1107456
1107494,1107516
1107537,1107559
1046879,1107585
1107626,1107642
1107688,1107707
1107724,1107748
1107769,1107782
1107949,1107965
1108045,1108066
1108107,1108124
1108148,1108169
1108225,1108241
1108260,1108287
1108304,1108327
1108343,1108362
1108423,1108447
1108481,1108508
1076546,1108577
1108596,1108614
1046996,1108861
1108888,1108900
1058206,1108992
1109038,1109055
1109072,1109093
1109142,1109161
1083674,1109190
1109212,1109231
1109254,1109277
1109296,1109310
1109381,1109404
1087035,1109443
1080399,1109491
1109539,1109556
1109594,1109616
1109637,1109659
1109713,1109732
1109750,1109778
1109797,1109811
1109869,1109882
1109905,1109922
1109967,1109980
1110068,1110081
1186760,1110150
1196142,1110243
1218680,1110364
1193900,1110386
1162201,1110408
1080637,1110420
1110449,1110465
1110483,1110505
1046879,1110533
1110551,1110579
1110598,1110611
1110630,1110653
1110695,1110719
1111242,1111261
1111344,1111363
1111482,1111509
1111652,1111675
1111756,1111773
1111862,1111889
1111862,1111901
1111972,1111993
1111972,1112019
1211214,1112246
1112562,1112589
1113008,1113020
1113096,1113110
1113181,1113201
1113357,1113374
1113433,1113451
1198016,1113530
1113576,1113595
1113716,1113737
1113802,1113825
1114002,1114025
1114115,1114136
1114640,1114664
1067332,1115265
1168961,1115306
1115766,1115784
1175467,1115853
1194251,1116016
1116092,1116118
1116194,1116211
1117153,1117176
1117239,1117256
1117447,1117468
1117549,1117565
1117605,1117622
1117667,1117680
1058460,1117888
1118332,1118350
1118487,1118500
1082481,1118571
1082481,1118592
1119608,1119620
1151763,1120188
1120352,1120375
1215696,1120637
1120807,1120824
1057468,1120882
1048570,1120979
1121018,1121039
1198461,1121382
1198442,1121526
1122050,1122078
1122111,1122130
1122508,1122520
1070419,1122614
1123321,1123345
1050844,1123473
1123516,1123537
1065612,1123626
1123711,1123730
1123776,1123795
1123833,1123851
1123898,1123912
1123954,1123977
1124513,1124532
1124827,1124843
1077492,1125047
1125145,1125166
1125301,1125329
1125742,1125761
1152979,1126285
1127026,1127042
1127205,1127222
1107439,1127504
1127821,1127845
1128096,1128110
1128096,1128134
1128175,1128199
1128175,1128217
1128422,1128446
1128548,1128569
1129037,1129059
1174445,1129586
1188099,1129662
1194673,1129997
1130079,1130098
1130131,1130154
1074857,1130203
1075964,1130718
1130804,1130827
1130862,1130889
1061673,1131066
1131124,1131148
1131202,1131225
1131512,1131531
1131577,1131596
1131633,1131651
1131698,1131717
1131755,1131772
1131842,1131861
1131985,1131963
1132143,1132162
1132143,1132189
1132232,1132250
1132428,1132444
1132503,1132485
1132865,1132883
1044594,1132981
1133024,1133048
1171439,1133360
1218481,1133758
1218512,1133791
1134277,1134296
1134518,1134539
1176499,1134922
1132865,1135063
1135194,1135211
1135253,1135276
1135538,1135555
1219001,1135978
1136058,1136070
1136117,1136138
1077330,1136186
1136268,1136281
1136626,1136642
1136846,1136867
1136954,1136977
1137175,1137199
1137264,1137286
1137357,1137374
1137446,1137467
1146127,1137645
1137759,1137771
1137991,1138019
1138660,1138687
1056564,1138734
1083949,1138866
1084046,1138911
1138976,1138995
1138976,1139010
1139081,1139109
1139197,1139215
1054492,1139449
1139648,1139669
1140152,1140175
1048570,1140264
1096591,1140569
1140609,1140621
1140958,1140970
1141069,1141082
1141151,1141179
1141581,1141608
1141677,1141696
1141762,1141789
1142187,1142207
1142426,1142442
1142691,1142712
1142754,1142777
1142909,1142921
1143235,1143257
1187231,1143371
1143858,1143870
1143917,1143938
1144268,1144281
1144321,1144345
1219190,1144619
1219157,1144977
1145100,1145128
1219119,1145163
1054492,1145214
1070379,1145349
1145878,1145897
1145995,1146018
1146162,1146189
1146245,1146266
1146428,1146444
1061591,1146574
1147243,1147262
1147329,1147340
1055692,1147726
1147837,1147859
1147892,1147918
1148323,1148347
1059864,1148541
1148587,1148600
1148644,1148663
1148869,1148882
1149481,1149508
1149651,1149679
1149740,1149764
1149835,1149857
1149890,1149916
1132865,1149963
1132865,1149985
1132865,1150050
1150900,1150928
1151049,1151065
1151134,1151152
1151201,1151229
1151264,1151286
1151326,1151342
1151388,1151405
1147892,1151451
1055323,1151632
1151666,1151684
1151818,1151839
1151873,1151894
1152040,1152064
1152208,1152220
1151666,1152368
1152470,1152491
1152797,1152811
1153023,1153047
1153099,1153113
1055946,1153215
1067954,1154529
1154712,1154731
1154777,1154796
1154913,1154932
1155234,1155252
1155299,1155313
1071174,1155494
1155690,1155711
1155782,1155805
1155879,1155898
1156116,1156137
1156222,1156246
1156222,1156267
1156440,1156464
1157069,1157082
1157356,1157373
1157715,1157736
1067592,1157926
1158094,1158115
1158158,1158170
1093567,1158221
1158640,1158664
1158705,1158722
1158934,1158952
1159131,1159154
1159328,1159344
1159407,1159424
1159718,1159739
1160173,1160194
1160269,1160282
1160333,1160351
1154777,1160403
1160488,1160501
1160658,1160670
1160658,1160691
1160731,1160754
1160731,1160777
1160852,1160875
1160913,1160932
1161001,1161029
1161064,1161086
1161126,1161142
1161231,1161254
1161306,1161323
1161436,1161458
1161587,1161600
1161692,1161713
1161784,1161807
1161905,1161922
1162049,1162054
1162255,1162272
1162319,1162335
1162422,1162446
1162645,1162666
1162785,1162802
1162887,1162904
1162989,1163003
1163088,1163100
1163192,1163214
1163280,1163308
1163543,1163562
1090554,1163618
1163656,1163673
1163832,1163850
1164124,1164148
1164239,1164256
1164294,1164315
1164358,1164370
1164531,1164554
1164717,1164738
1074959,1164786
1164874,1164890
1165098,1165112
1165183,1165203
1165359,1165371
1165407,1165424
1165509,1165521
1165550,1165578
1165634,1165652
1165702,1165725
1165917,1165938
1165972,1165993
1166204,1166227
1166262,1166289
1166364,1166386
1166477,1166496
1166567,1166580
1166624,1166648
1166735,1166757
1167056,1167073
1167191,1167213
1167278,1167297
1167382,1167400
1167492,1167519
1167601,1167629
1167693,1167714
1167910,1167934
1168007,1168024
1168216,1168237
1168302,1168325
1168394,1168413
1168484,1168506
1168631,1168654
1168727,1168743
1168801,1168829
1168840,1168864
1168886,1168903
1168926,1168942
1169036,1169058
1047181,1169089
1169129,1169140
1169164,1169186
1169206,1169223
1169247,1169268
1169281,1169309
1169321,1169345
1169366,1169384
1169402,1169425
1169441,1169460
1169487,1169500
1169603,1169626
1169642,1169661
1093243,1169688
1169707,1169724
1169814,1169833
1169954,1169977
1170019,1170035
1170192,1170214
1170429,1170440
1170602,1170625
1170660,1170687
1170799,1170813
1170897,1170911
1170953,1170976
1171015,1171036
1171234,1171252
1171299,1171313
1080491,1171473
1171494,1171516
1171563,1171585
1171822,1171846
1171965,1171983
1172023,1172047
1172081,1172109
1172184,1172204
1172236,1172258
1172301,1172329
1172454,1172477
1172522,1172546
1172788,1172800
1173064,1173086
1071157,1173135
1173174,1173190
1173824,1173848
1173882,1173905
1173946,1173967
1174007,1174024
1174339,1174356
1174534,1174552
1174599,1174612
1174840,1174864
1174988,1175008
1175293,1175319
1175357,1175374
1175414,1175433
1175553,1175576
1175666,1175684
1175894,1175915
1144268,1176124
1177000,1177028
1177063,1177085
1177125,1177141
1177295,1177314
1177380,1177403
1177457,1177474
1177529,1177540
1177615,1177636
1177796,1177810
1177834,1177852
1177913,1177921
1178046,1178067
1178827,1178843
1070615,1178891
1178993,1179018
1179127,1179143
1179209,1179221
1180091,1180117
1180155,1180172
1180223,1180247
1180281,1180309
1180345,1180366
1180528,1180544
1180585,1180603
1180795,1180814
1180880,1180908
1181102,1181125
1181230,1181253
1181501,1181529
1181564,1181586
1181627,1181643
1181708,1181720
1181796,1181810
1053785,1181899
1181997,1182011
1182198,1182216
1182341,1182360
1182450,1182478
1182575,1182599
1183002,1183025
1183041,1183060
1183087,1183104
1183162,1183189
1183330,1183353
1183400,1183428
1183526,1183542
1183629,1183640
1183779,1183798
1183831,1183854
1183968,1183981
1184083,1184106
1184152,1184175
1184199,1184217
1184335,1184357
1184335,1184374
1066123,1184422
1184480,1184507
1065791,1184609
1151326,1184650
1184697,1184716
1184904,1184927
1184943,1184962
1185021,1185045
1185107,1185124
1185169,1185182
1185241,1185260
1185304,1185327
1185389,1185406
1185793,1185819
1185874,1185890
1185959,1185971
1186014,1186033
1186051,1186079
1186154,1186177
1186219,1186235
1186316,1186337
1186371,1186392
1186430,1186453
1186623,1186647
1186681,1186702
1074738,1186862
1062550,1187017
1187038,1187055
1187093,1187119
1187174,1187190
1187283,1187306
1187415,1187436
1057468,1187628
1187745,1187766
1187807,1187824
1107321,1187876
1055659,1187914
1082481,1188010
1188034,1188052
1188197,1188215
1188364,1188386
1188408,1188420
1188449,1188465
1188483,1188505
1188580,1188607
1070253,1188653
1188703,1188726
1188761,1188788
1188800,1188828
1188863,1188885
1188925,1188941
1189074,1189090
1189171,1189192
1189267,1189280
1189417,1189438
1189455,1189472
1189591,1189618
1189706,1189723
1189809,1189821
1164717,1189953
1190048,1190069
1190151,1190179
1190216,1190237
1190360,1190387
1190497,1190510
1190552,1190575
1122508,1190743
1048088,1190872
1190942,1190961
1191006,1191023
1191340,1191364
1191408,1191420
1191477,1191496
1174534,1191546
1191669,1191682
1191703,1191726
1160913,1191859
1160852,1191902
1191941,1191960
1192043,1192062
1192193,1192210
1192193,1192234
1192193,1192252
1192193,1192275
1192350,1192378
1192473,1192494
1192559,1192571
1192730,1192753
1181102,1192782
1192851,1192879
1192898,1192912
1050844,1193097
1063276,1193176
1193218,1193239
1193256,1193273
1193294,1193315
1193406,1193423
1193475,1193499
1193577,1193596
1193614,1193633
1193698,1193717
1193803,1193826
1193861,1193888
1193928,1193944
1194019,1194035
1090916,1194128
1194354,1194377
1194493,1194515
1194639,1194656
1194752,1194775
1046954,1194809
1194821,1194845
1194884,1194907
1194924,1194948
1065990,1194995
1195094,1195115
1195297,1195311
1195297,1195330
1195376,1195395
1195526,1195542
1195526,1195561
1189591,1195590
1195638,1195655
1195767,1195780
1195877,1195896
1194752,1195968
1195981,1196001
1196310,1196334
1196427,1196443
1196462,1196489
1196573,1196594
1196644,1196663
1196713,1196732
1196784,1196807
1196869,1196882
1197079,1197098
1151264,1197120
1070490,1197203
1197242,1197261
1197316,1197337
1197448,1197469
1197532,1197550
1197623,1197647
1197827,1197843
1197862,1197889
1198063,1198085
1198125,1198141
1198230,1198253
1198305,1198322
1198367,1198380
1198403,1198426
1198627,1198643
1198708,1198720
1198796,1198810
1198868,1198881
1198966,1198984
1199054,1199077
1199152,1199175
1199357,1199374
1052845,1199498
1199595,1199613
1199684,1199700
1199728,1199744
1199841,1199860
1144321,1200010
1144268,1200068
1200099,1200113
1135253,1200243
1200533,1200551
1200742,1200761
1200837,1200859
1200837,1200871
1200987,1201005
1171965,1201051
1201131,1201154
1201219,1201235
1201290,1201316
1201359,1201371
1201411,1201430
1201545,1201566
1201652,1201675
1201787,1201804
1201843,1201862
1201940,1201964
1202003,1202026
1202267,1202280
1202267,1202308
1202377,1202396
1202455,1202472
1202562,1202589
1202706,1202723
1202768,1202781
1202850,1202878
1203049,1203065
1203106,1203123
1203238,1203255
1203422,1203446
1203507,1203524
1203632,1203650
1203744,1203763
1068078,1203818
1080142,1203873
1203915,1203936
1203958,1203970
1203991,1204018
1204073,1204094
1204136,1204158
1204170,1204191
1204213,1204232
1204278,1204297
1204311,1204330
1204353,1204376
1204561,1204588
1204767,1204780
1204865,1204883
1204923,1204947
1204981,1205001
1205038,1205055
1205399,1205415
1205556,1205573
1205692,1205713
1206016,1206037
1206071,1206092
1206118,1206139
1206156,1206173
1206194,1206211
1206230,1206253
1206276,1206295
1206333,1206351
1206379,1206398
1206435,1206457
1206474,1206490
1206765,1206783
1206868,1206881
1207013,1207032
1207362,1207389
1207423,1207447
1207577,1207596
1207651,1207679
1045295,1207874
1208070,1208091
1188800,1208313
1053405,1208384
1208487,1208500
1208592,1208619
1208724,1208748
1208833,1208851
1208879,1208898
1072894,1208949
1208965,1208983
1209007,1209024
1175553,1209095
1209151,1209179
1209506,1209523
1209547,1209568
1209608,1209620
1209727,1209743
1209829,1209840
1209864,1209886
1209903,1209926
1210018,1210039
1210686,1210705
1051385,1210883
1210910,1210934
1210952,1210975
1210999,1211019
1044659,1211116
1056160,1211312
1056207,1211331
1056248,1211354
1211377,1211396
1074916,1211464
1211486,1211504
1211570,1211591
1211618,1211639
1211734,1211752
1211845,1211866
1211907,1211924
1211969,1211995
1212033,1212051
1158746,1212108
1212219,1212235
1108481,1212290
1212316,1212337
1212359,1212371
1212411,1212430
1088388,1212469
1047433,1212513
1159718,1212545
1212606,1212623
1060025,1212652
1212675,1212699
1212901,1212929
1067592,1213037
1183162,1213063
1065030,1213118
1065076,1213141
1213211,1213230
1213295,1213314
1213351,1213379
1213398,1213419
1213435,1213457
1196462,1213615
1075843,1213670
1213765,1213783
1213823,1213847
1060245,1213909
1213966,1213984
1214006,1214023
1214068,1214081
1214109,1214121
1214145,1214166
1068111,1214184
1214236,1214258
1214355,1214372
1214393,1214412
1072357,1214465
1046635,1214514
1055489,1214567
1214607,1214624
1214648,1214669
1214719,1214735
1214757,1214774
1214790,1214816
1214859,1214871
1214918,1214939
1214956,1214973
1061953,1214994
1215053,1215076
1066989,1215095
1215133,1215151
1215216,1215237
1215216,1215259
1215271,1215292
1215271,1215318
1215373,1215394
1215421,1215445
1215466,1215484
1215568,1215581
1061953,1215631
1215715,1215736
1215801,1215829
1215864,1215886
1215942,1215961
1079592,1216031
1216077,1216096
1216110,1216134
1072678,1216303
1063351,1216326
1216342,1216361
1216388,1216405
1216582,1216609
1216621,1216645
1064355,1216763
1079252,1216785
1216825,1216841
1214859,1216873
1051385,1216904
1216943,1216962
1216989,1217004
1217027,1217043
1217062,1217089
1217101,1217129
1217164,1217186
1217332,1217350
1217418,1217439
1217456,1217473
1217494,1217516
1077437,1217544
1075290,1217619
1217674,1217690
1217782,1217805
1217822,1217846
1217867,1217880
1217908,1217920
1217965,1217983
1218009,1218021
1077041,1218130
1077087,1218153
1218195,1218218
1218239,1218256
1218273,1218294
1218315,1218336
1218406,1218423
1218549,1218565
1218549,1218583
1218605,1218622
1218646,1218667
1218701,1218729
1218857,1218874
1219064,1219086
1157356,1219254
1219709,1219721
1220011,1220030
1220053,1220076
1220356,1220373
1220445,1220466
1220534,1220552
1129037,1220608
1220942,1220961
1221340,1078373
1221393,1078394
1221449,1078356
1221522,1221546
1221630,1221653
1221726,1221742
1075964,1221800
1056160,1221859
1056207,1221918
1222140,1222164
1222378,1222397
1222460,1222487
1222690,1222711
1168216,1222908
1222954,1222977
1223066,1223084
1223130,1223153
1214682,1223287
1223358,1223370
1223447,1127455
1223481,1110178
1223549,1099014
1076227,1223583
1090202,1223614
1223633,1093465
1223793,1097838
1223819,1223835
1223857,1223874
1088422,1223928
1223944,1223963
1223985,1224003
1224026,1224042
1154777,1076828
1224100,1224128
1224144,1048003
1224163,1224185
1224280,1107070
1083674,1224308
1224320,1224349
1224365,1046378
1224396,1224417
1224396,1224438
1087768,1224464
1224486,1224504
1224562,1224589
1224641,1224660
1224878,1053873
1224897,1224911
1066860,1224930
1224953,1224976
1225018,1144559
1068111,1225041
1068078,1225060
1225087,1092368
1225104,1225127
1225143,1225162
1225189,1078770
1145995,1225213
1225232,1225250
1225278,1225297
1225311,1225330
1225353,1225376
1225395,1225416
1225437,1225459
1225471,1225492
1225519,1225535
1225557,1225574
1225590,1225617
1225638,1225655
1225693,1110227
1225714,1098981
1225751,1225779
1225798,1225812
1225981,1226001
1226029,1099288
1226157,1226174
1226231,1098376
1226323,1226347
1226368,1226381
1226404,1103028
1226443,1103248
1226470,1102634
1226491,1226518
1226628,1226644
1226663,1226685
1226848,1226869
1226882,1226905
1226922,1226946
1226967,1226980
1227005,1227022
1227046,1227067
1227080,1227108
1227165,1227183
1227242,1227261
1227300,1227328
1227385,1227407
1227476,1227495
1227532,1227550
1227578,1227597
1077041,1227610
1077087,1227634
1227652,1092135
1227699,1227718
1227756,1227773
1227815,1227836
1227870,1227891
1227938,1103950
1227993,1228016
1228037,1228059
1228071,1228092
1217456,1228141
1082225,1228224
1228282,1045834
1196142,1097855
1070379,1228403
1228461,1228488
1228572,1228593
1228615,1099424
1228636,1228658
1228749,1228765
1228806,1228823
1228847,1228868
1228881,1228909
1228966,1228984
1229020,1229049
1229083,1229106
1229147,1163850
1053785,1229199
1229238,1134055
1229286,1229303
1229326,1229342
1223819,1229374
1229390,1229414
1229433,1047904
1229451,1048953
1229498,1092220
1229548,1229569
1229609,1229621
1229645,1229666
1229700,1229728
1229744,1229763
1229802,1100910
1229825,1100981
1229841,1229860
1229887,1229904
1229943,1229962
1230003,1230026
1230074,1230090
1230308,1230320
1230396,1230417
1230486,1230504
1230570,1230591
1230660,1230687
1230752,1230775
1230832,1230850
1230953,1230976
1231089,1231101
1231206,1231223
1231268,1208384
1231688,1231707
1231730,1231753
1231814,1231833
1231879,1231898
1158746,1292857
1231931,1231954
1184480,1187017
1232034,1232052
1152692,1232081
1189515,1076386
1232150,1133620
1232408,1232420
1152310,1121638
1232676,1232695
1232761,1232788
1233055,1099385
1233220,1233249
1233310,1233334
1233489,1233502
1233573,1233594
1233663,1233685
1233745,1233766
1233784,1099578
1233807,1233824
1233848,1127639
1233882,1233905
1174069,1233933
1233951,1233979
1233998,1114395
1234011,1234030
1234053,0
1234053,1234069
1234146,1234167
1234216,1234237
1234325,1234341
1234450,1234478
1234581,1234608
1234581,1234620
1234872,1234893
1234961,1234988
1235065,1235083
1193256,1235134
1235229,1235240
1235264,1125607
1235293,1235319
1235357,1235374
1235390,1235414
1235480,1235507
1235524,1099827
1235553,1235576
1235595,1235613
1184199,1235666
1079657,1235697
1235716,1098812
1235744,1098831
1235841,1125902
1235936,1235958
1235970,1235991
1236013,1236032
1236050,1236078
1070615,1236107
1236182,1236202
1236225,1236241
1236294,1236315
1236336,1113678
1236358,1113632
1236370,1050477
1236391,1236410
1236508,1236520
1236549,1236565
1236605,1236622
1236680,1236701
1236740,1236764
1236826,1236842
1236888,1053096
1236985,1237000
1237139,1237156
1237194,1070593
1237419,1237435
1237457,1237474
1319504,1319527
1203894,1203873
1237564,1237586
1237796,1237810
1238196,1238219
1238257,1099787
1238344,1238363
1238453,1238476
1238584,1238606
1077492,1238858
1060025,1238901
1238940,1238964
1239018,1239039
1239073,1115381
1071174,1239330
1239444,1239463
1239557,1239574
1239617,1239638
1239672,1239693
1239672,1239714
1239808,1239820
1239849,1239865
1141581,1239883
1070419,1239923
1240016,1240037
1240141,1240160
1240207,1240224
1159610,1102862
1240305,1102843
1045295,1240403
1069296,1240538
1240777,1240796
1240834,1240852
1240881,1240909
1059484,1240932
1240997,1241017
1241103,1241126
1241212,1241231
1241334,1241352
1234581,1241404
1241462,1241489
1241560,1241587
1241212,1241126
1241692,1241713
1241750,1241778
1241848,1241869
1241933,1241951
1231402,1242008
1242106,1242123
1242168,1242181
1238453,1242272
1242422,1242446
1242467,1098136
1242480,1242507
1242524,1242548
1170192,1242595
1242613,1242632
1242737,1242759
1242873,1112504
1242927,1119893
1243003,1243026
1243116,1243137
1243383,1243401
1243455,1243472
1243639,1243656
1243768,1243781
1243821,1243845
1243924,1243948
1243982,1244009
1244045,1244066
1244304,1244327
1244362,1103063
1244596,1138100
1244680,1244701
1244793,1244819
1244971,1244992
1245108,1245120
1245257,1245274
1245344,1245363
1245385,1245407
1245495,1245513
1141762,1245584
1245725,1245741
1245804,1245827
1062359,1245870
1246010,1246034
1246121,1246145
1246215,1246236
1080778,1246289
1246301,1246329
1246340,1246364
1246386,1246408
1246420,1246449
1246465,1142063
1193294,1246551
1246598,1246611
1246682,1246703
1246726,1246742
1246788,1186862
1247041,1247060
1045211,1247158
1247191,1247213
1108260,1247266
1247297,1247311
1170660,1247330
1247463,1247485
1247503,1247526
1247542,1122315
1087660,1247574
1247590,1247617
1247638,1247655
1247672,1247693
1247798,1247812
1247831,1247854
1247877,1247896
1247910,1097817
1247981,1248007
1248069,1248082
1181689,1184962
1248133,1248151
1248179,1248198
1248216,1099226
1099889,1105432
1248318,1045490
1248387,1248409
1248466,1248484
1248547,1248568
1056881,1248704
1249036,1249058
1249138,1103662
1249281,1137716
1200150,1249425
1249460,1249487
1249544,1249563
1217965,1249592
1249619,1249635
1249657,1249674
1249690,1103224
1063314,1249748
1249879,1249898
1249931,1249954
1250101,1250129
1250210,1250234
1250397,1250418
1250516,1250516
1250585,1101562
1250846,1250867
1250908,1250920
1250965,1250983
1251102,1251125
1251160,1251187
1251517,1251538
1251555,1251572
1251636,1251658
1077779,1251852
1251875,1251899
1236508,1252069
1252133,1252151
1076184,1252180
1252263,1252285
1252373,1252394
1252466,1252484
1252552,1252575
1252840,1252864
1252935,1252957
1253115,1253136
1253266,1253284
1253307,1253324
1048995,1253376
1253714,1253733
1253798,1253812
1253934,1253952
1254020,1254049
1254134,1254152
1254217,1254238
1254303,1254326
1254390,1254414
1254511,1254530
1254678,1050648
1254697,1050682
1254818,1254839
1254915,1254936
1255021,1187306
1255389,1255406
1255475,1255499
1255565,1255583
1255698,1224417
1255826,1255842
1256226,1256242
1256316,1256337
1256359,1256371
1256430,1256453
1224486,1256545
1238344,1256634
1256787,1256804
1256827,1103777
1256917,1256938
1257277,1257296
1257399,1257415
1257458,1257470
1257556,1257573
1257778,1115946
1257869,1053467
1257922,1257946
1258034,1258052
1258215,1258236
1258420,1258449
1258703,1105801
1258885,1258902
1259074,1259090
1259401,1259429
1259464,1116059
1259734,1259752
1259897,1259911
1064496,1259982
1260175,1260199
1260286,1260303
1260390,1260414
1260451,1260479
1260802,1260825
1261024,1261048
1261133,1261151
1261259,1103000
1261394,1092072
1261445,1102226
1261715,1261736
1261829,1261840
1044713,1262000
1262207,1262224
1262474,1262490
1262593,1262615
1069334,1262899
1242480,1262978
1263014,1071296
1263067,1263080
1263219,1263235
1213658,1263316
1263385,1263407
1263476,1046776
1263513,1046795
1263606,1263623
1263675,1263699
1263725,1263741
1264070,1264091
1049099,1264140
1264234,1264252
1264332,1264350
1143235,1264402
1264516,1264537
1264516,1264559
1264635,1264657
1264690,1264711
1264795,1264814
1264851,1264879
1171822,1264920
1264949,1264965
1264983,1265003
1265074,1265090
1265205,1265222
1265312,1265331
1265486,1265504
1075521,1265558
1075521,1265589
1267010,1267034
1267695,1267719
1268040,1268064
1261715,1268119
1268732,1092174
1268824,1268848
1269481,1213457
1269738,1269755
1073694,1048396
1073734,1048354
1270165,1270183
1270675,1117406
1271358,1271423
1047943,1271481
1191941,1130257
1271826,1271842
1271916,1271937
1272191,1272213
1272232,1272250
1272348,1272369
1272444,1272463
1272485,1272503
1272526,1272542
1272617,1272638
1272705,1272722
1272798,1272812
1272883,1272906
1272975,1272999
1273030,1273053
1273095,1273114
1273180,1273200
1273373,1273394
1273506,1273523
1273547,1273568
1273581,1273608
1273620,1273649
1273665,1273683
1273736,1273758
1273791,1091374
1195136,1273840
1273903,1273926
1273942,1273961
1274029,1274040
1274064,1274086
1274103,1274126
1274142,1274161
1274208,1274220
1061710,1274254
1050243,1274306
1180155,1110329
1180091,1274399
1274436,1274458
1274628,1274644
1274709,1110289
1274807,1274824
1274848,1274869
1274905,1274922
1157903,1157926
1274980,1047744
1275092,1275118
1275173,1275194
1275295,1275314
1275351,1275379
1275488,1275501
1275529,1275540
1275564,1118186
1275593,1275615
1275689,1275708
1275754,1275777
1275834,1275852
1275899,1275913
1275984,1276004
1205038,1276027
1204981,1276043
1276062,1105394
1276089,1276101
1140700,1089643
1276186,1071296
1276252,1276275
1276299,1276313
1276559,1276571
1276592,1276619
1276674,1276690
1184480,1276782
1276846,1276867
1277020,1277049
1277134,1277152
1277272,1277293
1277422,1277446
1277507,1277524
1198555,1047962
1277678,1277697
1277759,1277771
1277818,1277839
1277958,1277970
1277991,1103712
1278137,1278159
1278222,1278246
1278280,1278308
1278440,1278464
1278515,1278536
1278625,1278641
1278694,1278710
1278752,1278775
1278911,1278930
1279197,1279215
1279291,1279317
1279393,1279412
1279546,1279567
1279607,1279624
1279669,1279682
1279774,1279790
1279837,1279859
1279774,1279871
1279837,1279892
1279837,1279902
1279774,1279902
1279837,1279925
1279774,1279925
1279774,1279941
1279774,1279956
1279774,1279973
1279774,1279987
1279774,1279994
1279774,1280009
1279837,1280084
1279774,1280084
1279837,1280097
1279774,1280097
1279774,1280107
1279837,1280107
1279837,1280111
1279774,1280111
1279774,1280124
1279837,1280124
1279837,1280130
1279774,1280130
1279837,1280202
1279774,1280202
1279774,1280218
1279837,1280218
1279837,1280225
1279774,1280225
1279774,1280239
1279837,1280239
1279837,1280241
1279774,1280241
1279774,1280256
1279837,1280256
1280468,1280481
1280520,1105007
1280577,1280596
1280667,1280680
1219064,1280819
1280857,1280874
1280992,1281012
1281199,1281217
1281255,1281272
1279774,1279960
1279774,1281361
1279774,1281374
1279774,1281388
1279774,1281390
1279774,1281405
1279837,1281405
1279837,1281414
1279774,1281414
1279774,1281422
1279837,1281422
1279837,1281433
1279774,1281433
1279774,1281446
1279837,1281446
1279837,1281451
1279774,1281451
1279774,1281467
1279837,1281467
1279837,1281479
1279774,1281479
1279774,1281480
1279837,1281480
1279837,1281498
1279774,1281498
1281728,1281744
1281936,1281958
1282040,1282064
1282126,1282142
1282188,1050735
1282323,1282347
1282381,1282404
1282462,1282489
1282525,1282541
1282560,1282587
1282616,1240796
1282637,1282659
1282671,1282692
1282713,1282732
1282778,1282797
1282853,1282876
1204923,1282895
1282951,1082124
1283068,1082169
1283262,1283289
1283340,1283364
1283420,1283449
1283579,1283598
1283682,1283703
1283844,1283863
1283994,1284016
1284187,1121143
1284269,1284282
1284398,1284419
1048639,1284461
1284555,1284572
1188925,1284691
1284810,1284834
1267010,1284881
1284945,1284966
1284984,1285004
1285043,1285062
1285164,1285186
1285313,1285332
1285425,1285441
1285730,1285753
1285822,1285846
1285931,1285954
1286061,1286088
1286171,1286192
1286377,1286396
1286543,1286562
1286813,1286832
1286878,1286897
1287095,1287114
1287198,1287216
1287237,1287259
1287421,1287445
1287665,1287683
1287727,1136186
1048866,1287855
1287893,1287919
1287893,1287935
1086620,1288018
1288056,1288073
1046537,1288127
1288170,1288191
1288266,1288284
1288348,1288369
1288428,1275379
1287893,1288601
1288672,1288693
1077535,1288820
1288923,1288947
1288981,1289005
1289131,1289154
1289219,1289235
1289316,1289337
1094978,1289385
1289476,1289495
1289584,1289606
1289316,1289623
1289702,1289725
1289843,1289862
1242480,1289938
1290029,1290040
1290064,1290086
1290103,1290126
1290161,1087320
1087308,1290208
1290254,1290277
1290404,1290427
1290462,1290489
1290525,1290541
1071231,1290594
1290671,1290692
1290732,1290750
1290784,1118210
1169642,1290882
1216621,1290933
1291094,1291115
1291232,1291250
1291330,1291353
1291503,1291526
1291588,1291601
1291672,1291693
1291767,1291780
1291865,1291883
1291968,1291981
1292130,1292153
1292481,1292508
1292622,1292646
1292819,1292835
1182450,1309481
1293795,1293814
1293867,1293880
1293977,1293996
1294120,1294149
1294371,1294392
1294513,1294532
1294702,1294725
1294760,1294787
1294862,1133318
1294862,1294891
1294972,1294993
1295068,1295081
1295204,1295227
1295262,1104454
1295364,1295386
1295420,1295449
1295533,1295551
1295598,1295611
1295703,1295726
1295790,1295816
1295902,1295925
1296011,1296030
1296151,1296179
1296216,1103207
1296339,1296356
1296413,1296432
1296523,1296547
1296631,1296654
1296743,1296762
1296872,1296893
1296942,1296961
1297003,1297026
1297116,1297137
1297233,1297251
1297308,1297320
1297401,1108900
1297558,1297570
1297618,1297639
1297706,1297723
1297897,1297911
1297982,1298008
1298229,1298240
1298229,1298264
1298303,1298326
1298446,1298467
1298569,1298582
1298609,1298621
1298645,1298666
1298728,1298744
1299118,1299139
1299305,1299322
1299868,1299881
1299540,1299564
1299586,1299604
1299627,1097791
1216582,1299529
1299978,1299997
1300031,1300054
1300168,1300181
1300229,1300240
1300326,1099681
1300374,1300390
1144268,1300524
1300569,1300582
1292009,1110197
1292021,1046117
1292045,1292066
1110598,1292084
1293223,1293247
1300678,1300697
1300737,1099532
1300839,1300856
1300958,1300970
1301030,1301053
1301122,1301146
1295703,1301237
1297706,1301325
1301450,1301478
1301608,1301620
1301829,1301840
1301935,1301957
1302517,1302538
1302572,1302593
1261445,1092055
1302754,1302777
1302899,1302913
1302950,1302978
1303098,1303112
1303469,1303482
1303521,1303545
1304164,1304186
1304223,1099610
1304332,1304350
1147892,1304487
1304571,1304592
1304707,1304724
1149890,1304776
1304867,1304880
1304977,1304996
1305088,1305100
1305171,1305192
1305233,1305251
1305349,1305365
1305349,1305455
1305440,1305455
1305625,1305641
1305734,1305752
1305924,1305948
1306209,1306221
1306297,1306311
1306395,1306416
1046833,1306463
1306535,1306557
1306672,1306693
1306779,1306798
1306831,1306854
1306923,1306947
1307178,1307197
1307262,1307289
1307408,1135932
1307580,1307607
1062550,1307695
1307742,1307761
1307800,1307828
1307863,1307885
1308001,1098115
1275403,1308064
1308415,1308436
1308922,1308946
1309013,1309032
1309124,1286832
1048639,1292937
1182450,1309508
1311248,1068256
1071157,1311435
1071157,1311457
1311538,1311555
1311593,1311615
1311806,1311823
1311868,1063899
1311945,1311966
1099917,1312011
1312095,1312114
1312180,1312200
1312325,1312341
1312432,1312450
1312665,1312683
1312791,1312817
1312893,1312919
1313041,1313060
1094085,1313094
1056282,1313127
1313284,1313307
1313526,1313542
1313746,1313767
1314008,1314020
1314168,1314181
1239672,1314238
1314303,1314326
1314168,1314433
1314507,1314524
1172892,1314576
1314632,1314650
1314700,1099804
1314728,1314744
1314802,1314825
1314841,1314860
1314433,1314887
1313307,1314887
1314915,1314936
1314970,1314991
1315111,1315130
1315406,1315423
1315468,1315481
1315531,1315554
1315596,1315614
1315651,1315679
1315717,1315738
1315772,1091991
1315826,1092017
1315916,1315937
1316079,1316098
1316424,1316448
1316469,1316482
1063071,1316566
1061710,1316584
1316675,1316699
1316787,1316804
1317029,1317040
1317135,1317157
1317190,1317212
1317254,1317277
1047110,1317323
1317415,1317436
1162106,1317489
1317713,1317732
1317980,1318006
1318068,1318081
1318150,1318178
1318215,1092347
1318483,1318505
1318735,1318757
1318816,1318837
1318871,1318892
1319003,1319026
1319137,1319159
1322933,1322951
1319440,1319464
1194639,1237517
1319558,1319570
1319591,1052641
1319625,1319641
1319660,1319687
1319723,1319747
1319768,1319781
1207202,1119758
1319897,1319911
1320315,1320336
1320391,1320410
1292819,1320468
1320554,1320577
1320646,1320667
1320701,1320729
1320842,1320861
1320959,1320971
1321134,1321152
1321264,1321286
1321326,1143566
1321621,1321645
1322093,1322119
1322208,1322220
1322347,1322368
1096639,1322415
1194019,1319354
1323034,1323052
1323121,1323145
1323393,1323412
1323580,1323607
1323788,1323800
1323925,1323941
1324016,1324037
1324118,1324139
1324187,1324207
1324282,1324305
1314841,1324435
1324501,1324529
1324691,1324712
1324823,1324847
1324913,1324932
1325043,1325062
1069415,1325378
1325439,1325456
1325544,1325563
1325585,1325603
1325626,1325642
1325661,1325688
1215373,1325711
1325795,1325814
1325867,1325880
1198555,1290882
1326074,1326090
1326171,1102578
1326280,1326308
1326401,1326429
1326570,1326591
1326734,1326752
1326813,1326832
1327095,1327114
1327244,1327263
1293418,1293439
1293500,1293528
1293592,1293619
1293688,1293707
1056765,1309176
1309336,1309358
1309391,1099668
1309667,1309680
1309819,1309835
1309959,1309971
1310015,1126620
1310186,1310206
1310321,1310345
1310439,1310456
1120745,1310500
1310544,1310563
1310603,1310626
1310776,1310795
1159718,1310965
1310983,1311000
1181564,1311037
1181627,1311063
1311085,1311102
1311125,1311141
1066168,1311160
1066201,1311187
