SUBSID,VTMID
763570,792027
312662,312689
490839,931724
763591,1118996
1256843,1256862
744268,763660
748212,864984
399773,476411
485337,485359
323231,782506
738472,863270
654317,783865
223813,221038
1007922,1009799
707949,934237
1019176,1019195
675493,675570
265032,946939
665824,302762
791386,791408
857324,857348
531421,950350
776111,1179444
835370,1019857
236088,236100
567881,570797
227714,330373
731512,895237
223354,913194
689632,860959
1299731,1299810
675897,676127
811908,812034
223558,886795
225891,766800
757339,819250
576829,576840
657707,657724
707949,976345
272725,272741
225901,1237966
645451,822604
531736,531762
946757,970005
748323,967505
692069,840573
689632,689650
797623,678616
234194,328550
364939,364956
861613,861632
707949,885636
558118,895114
273028,273044
783503,952082
649975,996421
228990,484370
805820,805849
519482,1054808
1036721,1159080
915886,915903
1317853,1317933
519482,738536
675493,849615
299302,299325
809632,832285
269128,269144
748427,614343
323231,781658
748212,962501
1138128,1138144
225448,222650
752685,752709
520688,863270
1234510,1236452
345708,345720
858990,220380
223982,991542
488244,488285
858076,603624
560907,669069
707949,1148933
520688,558141
521712,1308249
811537,811563
715174,961445
224729,1144397
325319,325335
567881,571025
677010,981012
225891,743337
225901,860959
980963,679362
490759,1034493
1281650,1281678
225469,1054808
748212,1222805
490759,500913
706548,517030
748427,614512
748064,326729
765363,765469
265032,934612
774855,937868
644216,934510
809632,857664
225469,222650
811537,265182
292976,292995
1018587,1018600
1174200,1174244
522957,652870
224729,929020
265032,921800
742529,993585
880385,903293
223723,220945
678671,758968
867198,867216
880476,880495
521712,975670
236969,516924
521847,521868
225901,818112
807681,958215
502390,987285
811537,228325
228801,527671
748352,957807
224362,221637
358626,974231
227923,279443
644466,992819
229748,229769
522957,522974
668281,669069
223527,795638
225469,220749
560884,668321
665824,238266
524684,524700
809335,854959
668268,669133
966002,1036745
776111,958075
717786,717803
225288,222507
748323,966307
707814,707833
518056,872504
771155,941750
515657,515674
341176,702359
1017630,1017653
685039,685056
687290,687316
854406,854423
359466,359484
490839,935083
506023,1176738
614481,614512
225469,702578
225407,1000776
1043069,1043082
1106181,1106240
1020911,1020948
258161,258188
534592,534619
643220,643249
756057,658651
797597,1283522
341176,893139
490716,946431
531649,916020
981008,220689
763639,1134671
264962,264989
934432,1024069
520688,1118898
1176717,1176738
1182935,1182957
764343,764362
858076,302762
807681,321965
279946,579037
225597,222792
742529,913194
225196,222414
1156159,1156171
223365,756144
683241,683260
655095,1017081
530326,879665
982470,982491
223354,789365
223907,221126
644466,905692
771619,956566
1017215,1017236
257844,464827
260707,260724
225917,270999
811070,930354
946757,1114812
487751,992861
894270,1140860
560884,980992
323212,909683
708447,979960
1026874,1040424
847090,854423
225257,739075
225219,222433
225972,226034
748064,552563
521712,730288
580278,1010936
734807,734922
958533,1000309
224148,221381
705612,705631
687226,687242
809632,799915
757339,1143067
1111411,1111430
710788,710800
223354,859439
732588,732601
701214,797407
964494,1036594
472683,472704
692285,692302
748064,824117
763591,1303843
237620,279967
595593,967408
345501,755252
524106,691765
943163,943185
854826,854861
1012173,1012194
692478,996743
744268,1303242
858076,748231
282800,330285
960110,960134
894236,923294
510508,510520
385109,385121
854646,1279145
1003934,1003952
717900,717928
695260,319944
360705,360722
684641,684660
1157394,514442
669114,672932
260707,533509
701026,701042
854646,854861
521712,779535
929479,929498
804116,867095
266337,803605
224900,222147
295967,692855
677960,677987
492379,956668
223192,220380
536877,536896
764434,764452
764508,764520
510153,701298
223365,782506
269192,269233
748064,604426
781604,851231
944842,944861
974721,974745
704726,678616
616837,694335
762303,776729
530326,848152
969916,985062
842651,842738
978057,978074
224874,222110
531228,957381
930298,930354
1027125,1027141
1032949,1032977
491988,756602
930279,930354
323231,756144
669568,792140
675472,730288
809632,897070
1252302,1252325
247033,429265
225891,245865
809632,812227
1025856,1025873
521712,1026565
249936,249958
518056,803985
705683,937868
225407,1014299
748064,247509
263693,789365
835633,835651
225901,281366
225917,797652
263693,1111067
236969,524388
646009,646021
225407,896632
858076,604720
521712,772703
818196,818219
224391,221671
748212,967408
984211,984230
1276397,1276441
710505,710522
249771,249792
519482,763660
1141244,1141263
225972,959279
694054,869203
691945,923009
665824,623704
771954,772023
531228,967496
715174,932449
851784,991073
385109,1317368
811537,965752
224315,745799
1200465,1200483
763591,858758
863372,923434
795722,932551
984555,984572
225725,222927
225550,222744
1003444,1003463
733011,733053
693798,910250
1018560,1220151
225901,859091
675493,675656
1152721,1152745
993769,993795
679508,681653
491864,793992
399773,871804
224327,987105
1126893,1126919
1032920,1032996
987715,987736
885351,1101057
531649,531683
1222996,1223013
421995,422014
843062,843089
652858,652870
784479,784511
748040,965747
263693,755129
572097,1294411
1110863,1110902
813375,813404
1271287,1271304
224633,221922
689388,742658
774855,939382
744805,744822
930100,930128
223354,775678
970760,970787
223251,220403
645388,645405
595593,625720
1254065,1254083
225634,222839
530326,843397
670357,670374
705683,892675
693798,693854
732416,732459
744537,744661
263693,873264
694054,1021172
339479,339498
762168,762181
708680,763061
621434,955153
602824,974933
854680,1002677
748323,1111067
265032,677918
678142,975712
1011581,1289033
616006,616023
595593,860549
531228,531263
763591,814523
224362,361192
732655,732693
316519,1025264
807681,271222
652385,652407
223251,958227
225891,859091
293621,422606
956513,956566
731679,732094
691966,977031
1221197,1221236
238376,242528
499343,499362
668281,668880
763570,1118015
522762,1002263
488838,505154
490737,742351
561397,561418
825493,825515
657500,988039
1167428,1167444
510153,694110
809374,854959
756383,451937
510153,820785
707949,940380
834054,834077
265032,942326
675493,676535
675493,677262
725329,725340
228990,625899
974296,680095
255349,1195820
1294261,1294288
1257967,1257980
225290,222511
1172386,1172408
894236,932496
223354,792822
1002318,1232355
858076,494172
644216,1034493
810377,810396
1283197,1283215
535222,857574
385109,514442
666765,666806
558092,863270
519482,956261
225407,953297
1259331,1259354
1018560,1018600
228990,610139
701214,992202
406835,798593
323231,1018713
748064,307001
223354,873264
490759,789558
776097,946788
763591,967579
531228,268338
1167535,1167557
748064,624064
811537,970545
501709,927889
224389,221663
753533,753551
961654,961677
223354,220604
644216,742658
793890,793928
454283,693975
746400,746428
548350,1001950
762238,762255
742615,888090
531244,811563
490759,510176
223768,893913
795722,795746
224729,933249
225154,222374
725757,725774
335039,351219
854740,854861
744268,1242201
223558,1206810
237620,523831
854358,956827
1004684,1004700
535222,541725
748064,957381
225901,819250
620359,620371
574940,1051606
746865,746883
748323,1010936
742529,1206810
706548,706569
553452,553475
803241,803260
771619,891171
704726,932317
1296450,1296478
534528,534544
223298,220540
223365,886795
804527,804543
1110844,1110902
323212,323254
762446,762480
225901,765469
449964,449986
531228,456879
894236,982212
223515,1126198
333738,333755
764614,854423
223527,678853
561460,983075
385109,514346
223222,871242
854680,1280944
725624,725682
665824,965768
945725,945741
894270,894301
225226,222446
525358,525370
529589,529602
1308853,1308876
689319,692082
724610,724634
602824,610211
686946,686967
485300,775335
683241,790903
467116,467137
950642,950674
854605,1002677
225219,656303
1032920,1170377
757339,788068
225469,923009
776097,989014
254473,1159080
223354,1206810
822572,730363
1158574,1162595
531114,531762
1143495,1143513
738298,830321
530958,530970
756057,531069
709979,709998
776111,1179353
228974,229015
520688,799147
758896,795638
744559,784152
909198,909216
263693,1199390
690898,690912
234194,234211
223354,989154
732437,732459
225891,756144
689388,859015
763570,977507
833808,1106240
518056,518158
709830,709853
225288,1026202
1289773,1289794
1174200,1177720
1239947,1239968
487104,656970
418248,418276
666783,742351
934432,934478
1026857,1026890
1005032,1005078
1138251,1138298
223809,221029
533578,254402
742529,1237966
665824,361660
847042,858302
1253191,1253213
939714,939733
742529,860764
653777,653796
223222,709283
720671,720692
223354,755129
828029,828040
1309260,1309287
665824,625823
266183,916825
842717,842738
812145,1205853
231530,231645
854701,1321576
485300,1122651
223354,910250
223558,913194
707949,1042808
748212,965775
224452,975834
858076,290551
225917,338398
223354,886795
1040407,1040424
231217,231238
748427,500913
854826,1279145
263693,858198
991561,991588
322735,322757
708447,976456
1013371,1013392
773375,890557
742615,904655
763591,956261
994482,994509
748212,965706
322735,958166
858076,605753
665824,297389
854786,854861
520688,914465
1221178,1221236
319153,319176
757237,757356
223354,783588
902417,956261
519482,858758
385109,992406
794171,794192
225584,221525
595593,603047
763591,763660
675472,981012
531228,622311
564007,564024
848110,848152
251007,251024
502390,987228
490737,500540
885351,1205436
776097,1165787
1048734,1048752
504256,914941
1234497,1286493
263693,748375
263693,787296
748064,609371
263693,871870
490737,953923
992423,992447
742529,1209961
225699,222894
763570,804233
520688,963597
525842,525861
385109,958386
863372,992078
1286747,1286768
595593,1242201
1170298,1170377
807681,232323
859544,859563
854740,1279145
224793,222031
223799,221017
738298,859091
695928,980698
225901,967505
317289,358402
757318,858198
1106451,1106498
443197,443215
491988,934167
995939,995941
223982,221208
1025856,1027141
946757,946788
675493,835786
263693,940823
669114,1119409
385109,514160
531114,612286
885351,935303
769912,776729
779209,779221
710113,710132
696815,336368
988975,989014
614481,670744
689632,859091
934432,1140860
339479,388927
385109,621549
858076,967477
748323,799342
463089,579314
854729,1002677
225226,1027997
698258,1001945
681703,681726
669048,792140
650041,987263
995939,1020035
854701,1280944
531048,531069
695315,796502
225891,967514
505827,789365
792724,792748
776111,876517
1138279,1160125
602824,818219
675723,676073
225469,955452
756673,992861
719466,719484
235753,235776
665824,531151
531387,950350
247033,349956
383753,383776
224153,221399
521712,839116
679508,944327
223354,994337
224336,221556
269214,351219
894236,1122971
225469,792027
225815,222785
521712,1164410
272610,272652
770976,771062
225917,820936
748040,794618
226449,229101
680421,682234
869165,869203
223515,799342
399773,399794
510153,798749
872618,872639
317215,490860
317215,494004
263693,699090
1134093,1134157
1138279,1138298
531228,859563
269562,269589
1032004,1032027
547239,1133575
748427,611980
487751,488285
748352,1200648
223976,221190
228990,229015
510153,1034493
382410,382434
692478,1221477
228665,228683
1241142,1241161
246093,246119
685400,685428
224729,764148
732672,732693
797597,797652
323231,1018600
726069,1031579
519482,825026
965331,965354
1285247,1285268
677010,677408
763639,763660
1196220,1196375
397082,397105
719534,719552
272634,621549
777071,777211
520688,785985
646009,869972
748212,965752
763639,956261
520688,934341
236558,394754
520688,1134671
490716,491030
668309,669069
668559,1001899
901901,901929
520688,950571
1160102,1297930
224651,221946
278959,278971
254473,765067
885351,1040022
1279121,1279145
1035640,1035664
1164391,1308249
614481,686502
724067,725682
903825,903887
764698,764772
645293,645319
748427,614287
894236,958075
602824,1032234
665824,626164
341176,343581
748064,596129
323212,676073
225891,830223
811949,851231
869718,975689
398073,398094
646225,646241
784134,918260
223866,523831
648647,1288213
230256,230273
858076,435436
687964,687986
729731,729754
520753,1163884
759131,759154
379592,522677
225891,825159
757200,830321
812340,906950
669114,975823
920167,1315066
490737,789558
646900,646928
655762,655789
776111,1140860
595593,604720
644292,644318
808028,808044
225407,774903
1293908,1293920
224614,221905
225917,799342
675493,675515
522762,522789
721485,844219
961076,961095
520688,1251367
495349,751792
501709,891331
748427,1042808
742529,783588
833808,833831
521712,521749
705855,705872
319153,680575
533597,888090
406835,1163884
531228,616132
672194,672211
804035,804057
766496,861943
579367,579380
510153,779968
742529,859439
266183,498848
665824,967465
954759,954771
962351,902233
561460,679835
942286,982212
934450,1140860
1293155,1293172
1012517,1012538
297554,913269
675493,676073
520688,674384
399773,859091
263693,678616
643001,1161188
520688,920180
765566,765584
1026819,1026890
724476,724495
520688,763061
662897,786453
742529,940823
301173,301194
265032,504273
517198,805041
223558,859439
701214,992577
652316,652337
692069,692082
860651,860764
734306,818219
224327,936273
748352,994623
920167,920180
225901,770866
224294,221525
255279,469932
744592,744661
793176,793195
719817,719838
223308,226166
1005050,1005078
1032851,1032867
742529,755129
773399,956668
689632,1018713
224740,222008
560907,1004962
1019241,1019260
748212,967386
672461,672488
868590,868617
684558,684570
236799,236832
223527,679124
705683,922268
1104289,1104329
228990,642653
880843,721158
668559,1121245
287691,287712
763570,763660
854013,854032
1140887,1140904
723070,723091
491864,742875
814506,1156558
657210,657234
814506,1221236
678277,755129
1188291,1188317
343484,343506
223354,1131336
263693,748797
378244,378263
341176,893269
317215,939382
959976,959995
807938,807972
748212,965710
524106,524134
954390,954446
560884,741608
762238,777529
291183,291203
830309,830321
854646,673940
758923,795638
738298,812034
238245,643967
742529,748375
694077,1034493
234966,234984
748064,614124
984141,984160
705007,705024
266183,341195
1121812,1121831
771619,1251367
748064,455063
1234510,1286019
265032,840573
738472,752323
1017338,1017355
734306,1155949
317215,932317
718908,718920
775728,777529
223562,220777
224959,222199
854729,854861
824350,824378
485300,899628
764755,983837
643001,871242
1326440,1326527
748212,967431
705683,705704
708370,708391
237030,733200
894270,932496
323231,1126198
968126,968142
223930,221157
520688,1118015
225469,985234
714395,714416
323231,765469
708680,975662
521712,1220988
493699,995956
225794,222991
471966,471984
650041,987285
1199511,1199548
223455,1157484
317215,501560
225891,903548
710788,771062
966025,966041
531228,965768
966025,1036745
254473,1159274
1053595,1053613
784451,784511
223365,858302
748212,605275
223768,940380
1010096,1010110
678671,759080
742322,820785
643001,643038
708447,708468
710258,710270
858076,967408
265032,941709
723313,723332
748212,964117
749740,749764
224410,221709
672604,571025
595593,606377
338615,981595
742615,742658
526843,526917
1233086,1233103
692683,692704
263693,851055
506023,916759
858076,967465
748323,812034
886563,886585
723688,723707
225891,744661
249771,1120306
279415,279443
734283,734323
514044,995960
223866,1134671
769585,769603
757237,855993
488838,995960
730149,807972
689632,886795
962351,962379
301691,975868
224362,345720
958648,958669
1275211,1275248
721297,799915
225901,851231
225407,924953
223331,220586
754720,754749
737507,958166
669114,980992
530326,813502
255279,278009
262665,348185
838496,838514
531665,802642
1261069,1261665
236813,236832
490759,964516
501709,1040022
877218,877256
742529,989154
223768,1205853
758896,799342
758896,819250
748064,964117
668247,669893
224362,370636
799110,799147
710788,936273
519482,975670
794878,794953
225891,797652
519550,519578
520688,956566
520688,1269531
387279,387298
520753,974306
382410,569503
225891,832715
669048,980992
224287,221518
730521,730566
743858,743901
665824,967372
748427,614066
223527,777211
268317,268338
982283,982334
833981,834008
1170331,1170377
799110,863270
757200,886795
643001,1139145
748064,297389
1031837,1031859
254473,966041
644216,964516
373192,373214
737012,737031
737904,737927
488244,971066
748778,1018600
435415,605753
614481,967454
223907,891331
361884,361907
769252,769275
316330,573460
955410,955452
239521,239545
807681,261403
997003,1125816
894270,923294
692547,692568
223543,767002
742529,873264
1279703,1279726
531244,531263
809632,566565
1279477,1279496
533578,851587
224698,221980
659869,659882
242500,242528
1036721,1193963
765046,1294469
858076,860549
662042,662061
733373,733394
560907,846133
521712,895114
560884,1004962
1137106,1137123
732189,732209
533578,533634
224944,222181
748040,251228
969916,1024069
335039,335056
776097,1140860
748212,763171
748064,361660
956363,956385
650779,650798
225469,951670
677243,677262
225901,760118
225955,226109
891543,891562
521712,1031291
798909,798932
1026531,1026565
567426,1125816
224826,222065
233774,285716
921465,923614
854786,1280944
755814,755833
490737,866246
510153,964516
1281970,1281991
720600,720628
524479,524498
933518,933556
692547,1151553
665824,967393
724597,724634
765344,765469
225917,781658
748212,967454
560884,673597
266469,967522
521712,857574
847090,764772
341176,992202
1036721,1036745
490759,986365
322132,322150
223308,461714
519623,1242374
748040,614066
685952,685975
255706,255723
953104,953189
225469,988039
398459,968347
742529,755996
822572,779353
744559,869203
293049,1160435
704726,798593
225901,812034
1234510,1237749
864627,1161853
264049,657977
225566,222759
724067,724080
1002817,1002838
811537,955097
225891,770866
530326,988526
1106479,1130316
1234497,1234534
225261,222480
805018,805041
834152,834175
1136776,1275248
693561,693588
531228,304054
769846,777529
1248961,1248988
643671,643692
225274,222498
689632,830223
339479,657977
225469,932178
1124453,1124476
237030,237053
491988,492000
695992,696014
488244,503591
223527,726677
854786,1321576
748427,961285
269192,487588
771155,934167
1016492,1016519
743652,1106240
997144,997163
438690,438711
748352,855993
224928,222168
531228,811563
757318,851231
263820,263849
236969,516354
223527,984461
748064,247424
265032,1221236
379592,995496
748427,1272056
1158574,1183284
595593,610063
560907,669599
832151,832179
446687,446706
834293,834319
653847,653868
1002024,1002048
246093,246616
351337,351359
687453,781658
1043762,1043791
317215,788068
934432,1024076
756673,992857
776097,844411
894270,982212
1106479,1130545
224861,222106
877370,877391
224729,934122
752685,743901
809390,854963
223884,943144
883466,883484
317215,1000776
1260217,1260238
811537,267161
659381,659404
675472,1308249
385109,621452
1303804,1303843
809595,327643
494129,939382
338379,338398
679971,776362
643462,643489
899436,899458
522957,958483
854740,1002677
504256,798593
1012435,1012461
531387,929342
680677,682544
560907,673940
323212,675656
1106479,1106498
748323,865795
515931,515954
757339,792822
223515,887293
263693,957807
502390,992410
223527,220749
689632,770866
225901,877520
346690,346711
771954,771977
223924,221142
225901,622780
1144776,1144795
224729,1272056
501709,643093
648337,648359
531665,531683
224327,949418
807652,958215
531409,949418
880316,880337
265032,958291
696815,230667
225407,1040022
1158574,1182957
748212,967364
490737,859234
298908,561642
519482,804233
519482,988039
729643,729689
748064,304498
255589,339498
685535,685557
863372,863412
1177670,1177720
330758,330770
293049,357097
293049,657977
317215,774903
707949,934271
854646,1002677
225891,803900
733030,839813
661120,661149
225901,679294
1034602,1034625
608947,782180
560884,1119409
688037,730566
387706,958317
1024568,1024581
854667,1280944
338615,797652
668559,1025873
326772,326793
742529,789365
1130739,1130756
675723,676127
519482,814523
225870,223061
272226,272242
1305279,1305298
321058,321070
879581,707769
225407,980596
748064,606591
531409,802730
223687,220909
379592,522903
573908,1043791
757237,775678
854605,1279145
842842,842890
665824,435436
757339,772291
521712,975662
228990,251228
742852,742875
506023,902504
744642,744661
542660,542687
854928,854959
1323514,1323533
689319,1001966
225891,742564
225235,370211
341176,702149
748212,1049941
854667,1002677
763570,1022068
1128255,1128272
227471,227492
526843,526862
748064,266773
748064,614614
724610,726095
854803,854861
616837,643038
814263,814285
224888,222123
464955,464972
644216,782612
1004065,1004083
1134119,1134157
701214,1157450
223354,760586
816499,816512
535768,535781
757318,819250
665824,965747
225242,222467
602824,614343
492379,492398
490839,515281
1322848,1322882
769585,301712
223365,975875
595593,603624
687787,687804
871226,946973
237030,237341
274010,274034
711203,711226
918916,918959
811949,812034
813663,813685
531409,929342
748212,967420
523104,943144
1128238,1128272
1178718,1178739
1265246,1265267
670286,1043840
694077,986365
723402,723425
771155,771172
323231,830223
891527,926600
491988,493290
316519,758968
742322,795746
858076,624064
797623,994787
891527,891562
644829,644840
714975,714999
1305850,1305878
234754,234777
223527,271222
341176,1323204
223251,220457
225411,222621
247033,975777
279946,579269
858990,1126024
1250140,1250164
1293345,1293366
490716,501560
738298,744101
705683,751792
379592,526917
295029,295040
335039,821886
522886,525512
223354,993091
739885,734922
934450,1024076
748323,955336
875659,875671
338379,759033
721297,1027253
854764,1321576
223163,220333
657500,950571
1019362,1019389
854605,673940
225891,679294
223558,1131336
379592,379619
717531,717554
719696,730363
858076,1199548
1244729,1244740
739885,739902
777141,777211
1160102,1234534
722452,222405
824603,824626
263693,993585
1306136,1306158
660790,660816
265169,268533
689319,840573
809632,933249
519482,863412
225469,777211
595593,612286
517179,934677
560884,560948
1230116,1230137
744268,858758
781997,782011
860701,860764
869051,975643
234474,234490
272702,272741
224803,680095
807681,738128
293621,364956
263693,799342
1023375,1023399
694077,912337
263693,830321
803343,803362
223365,803900
748064,605908
725669,725682
871787,871804
1202493,1202515
1317347,1317368
263693,947297
223354,967514
776596,776614
531228,965747
734306,903293
225469,734323
505827,506579
1112074,1112090
323231,887293
254384,254402
689632,695874
255953,560589
669683,669743
560884,846133
765046,966041
748427,614565
521712,528522
491864,645168
682782,980971
897397,897418
530326,920432
1190082,1190105
742529,910812
571428,571444
732999,793050
764633,1028112
742529,781658
842874,842890
295967,803605
337870,337891
645272,645319
742322,742351
533482,533509
228990,371381
510153,780172
855938,855993
915122,915146
224032,221265
223308,541509
841574,841590
490759,1139145
225917,748709
490759,1021172
894270,1178739
293530,293553
748352,748375
1326504,1326527
237620,469765
717256,717273
265032,1148933
580278,699090
765112,765131
614481,924019
669568,672932
710258,992410
669048,1119409
225407,939382
822572,1304117
1002649,1279145
485337,998927
744268,956261
869149,839694
720415,720436
770976,933933
771619,920534
1001852,1001899
558118,738536
223354,830223
501709,501721
894236,894301
323231,886795
225371,222595
912430,912453
295967,295980
854786,1002677
493274,493290
569485,644167
335039,756602
840190,840220
689632,930128
650041,650060
1159067,1159080
680677,680696
851784,851807
492379,941709
707537,707559
871226,871242
763639,970476
225901,858198
602824,1031420
696815,647426
226973,975777
748323,748709
223251,220488
224391,697174
225891,910535
224362,221594
224315,220881
763591,792027
444322,444346
805018,931516
223308,220555
748427,748443
964015,697174
763570,1134671
1001834,1001899
495349,702359
860679,860764
717605,717622
233987,234000
223222,689860
223768,873433
869718,869739
265032,734663
858076,379748
822160,822187
521037,910812
788682,986365
731050,731078
870023,870047
690500,690528
788010,788068
1115539,1115556
1029041,1029060
260931,260954
690062,1151553
687453,976516
518056,831540
225891,782506
269192,842294
558092,578008
974347,453677
958132,958166
1286694,1288395
223515,675570
962461,962474
345253,345276
223558,781658
224362,221628
665824,574337
809511,854963
669114,673652
693798,775678
742322,845624
358753,358776
689632,877520
235879,235898
225901,665103
488838,995956
517179,986543
794897,794953
531387,916020
301765,1294610
223354,797652
225407,986543
748064,896480
691966,976635
999834,437343
666269,666282
223354,1209961
519482,804455
855513,855532
568046,1010936
735796,963972
225891,851231
265032,1140860
263693,1206810
349774,349790
886309,951555
223365,735269
705683,892804
1296677,1296696
748778,769206
372737,976345
495349,495365
1029542,1029561
1010894,1136313
841060,841087
352976,506735
665824,975749
531114,265182
323231,799342
223205,220403
236969,236982
737480,312754
228990,453677
670286,784238
490759,1251367
225760,222962
532593,532615
680961,680988
665824,964062
536981,1012461
602824,932243
506551,1002608
223365,847159
899573,899628
499343,499717
225901,1199390
768990,769015
232001,232029
776097,894408
503464,692855
492379,812364
1041857,1041874
225891,787296
1128582,1128609
665824,747121
265032,880566
317215,1179353
490759,854959
776097,953189
225862,954467
560907,673597
1136776,1136795
330683,330704
740970,740991
748212,328550
652079,652098
969916,937160
490759,844889
510153,872504
1221215,1221236
282800,349956
798529,798593
864379,864398
813594,813616
770995,873433
784943,936130
317215,1014299
224985,222229
520688,935422
625984,1298390
429914,429933
678914,726677
722013,920180
263693,1209961
225891,858198
1295630,1297656
882245,882284
1019531,1019554
769366,769397
223911,220564
338379,795638
1296082,1296105
225843,220501
686732,686750
776097,899628
793260,793287
225901,940823
707949,920534
269214,269233
749009,749078
855120,855149
999834,839694
960737,1001899
776097,970005
560907,741608
490737,961445
1189976,1189995
742529,782506
761539,931724
1234510,1297656
1138279,1182957
764717,764772
931822,931879
520688,972588
692547,1028288
575364,1020383
322408,616023
1011581,1011608
520688,995987
225079,222319
223312,693906
748064,604777
715174,1031669
535486,535504
425373,425394
278202,278241
531228,306681
449815,464827
794781,794821
694582,552473
608947,608999
675723,695009
854701,673940
660113,660132
666783,666806
485337,923614
770995,771062
231771,456879
254983,255003
822572,822604
826767,826780
885351,895935
558092,1244130
964563,964585
766496,766514
651349,651365
245221,625720
225610,222818
234194,965734
225917,679124
520688,820498
902417,902438
1016395,1016416
858076,932243
223354,845291
708888,708900
374032,374050
673022,673046
858076,967431
669568,1119409
1308126,1308249
490759,912337
1324627,1324643
595593,609079
338615,758968
855938,994623
673773,1279145
223515,270999
367473,367494
841714,964164
225891,858302
764755,1028112
717468,717481
519482,1303843
492379,757506
742529,769206
775609,984461
1299028,1299063
520688,1315066
224327,839813
685266,835786
763832,1187853
824537,824559
748352,966307
715174,808125
690062,723027
223527,1100189
858076,748539
224554,221848
777712,777731
223192,1187853
223365,975909
341304,341327
748064,967386
693798,781658
835370,835391
519482,558141
614481,967477
707949,934510
757318,1199390
665824,748231
695260,469765
742615,744661
694818,694839
224148,1026202
934450,934478
223562,220783
490737,941334
694077,844889
669727,983960
354025,354041
223866,256574
490759,1115427
762405,934704
263693,845291
1177978,1177997
602824,670744
406835,946735
228373,1158981
744559,777211
293049,1002387
561460,679362
757318,748709
850194,855219
717786,915665
531228,400850
520688,895237
740199,740217
679410,944327
742529,1145570
523629,523640
1304500,1304528
1158557,1162595
731358,933017
480282,480305
504256,980596
1155626,1155642
224256,221489
650849,650865
732561,760118
257844,449836
828249,828265
669048,792210
225901,1106240
235473,235500
748427,955772
510153,808125
531114,531151
295967,992857
675472,1164410
725648,725682
689388,776021
225407,914941
809632,935238
884663,1025264
748064,962501
668268,669893
278202,393925
531228,967483
225407,978591
691295,691322
687453,687476
689632,812034
748323,940823
660099,660236
492379,795039
842343,842362
696815,333819
1287599,1287612
491864,813946
263353,263376
741180,741200
224786,986185
621434,621549
769983,770003
742529,830321
224182,221126
281822,281846
763768,842294
916451,916479
931965,982038
776097,896357
910115,910162
223527,784152
490759,985101
669114,846133
1026874,1119665
223660,220881
753412,753431
1161628,1161644
742529,1199390
488838,502507
797623,1051610
682908,1013787
1101246,1101251
223354,1018713
536981,540973
406835,986185
236969,526022
523733,528892
662897,662924
982404,982427
880476,1024069
1053480,1053507
519482,923009
997003,1022790
675472,677262
735720,1032977
996409,996421
224195,221427
1208528,1208544
417392,417411
804185,804233
965331,1036811
514141,958386
791505,791522
1021366,1021384
748427,967412
724597,724699
230434,230667
293049,293077
223536,795463
650779,888543
1102022,1102108
734306,835013
224009,221220
238883,238906
224959,221254
768179,1016519
764614,764772
224107,221334
1278821,1327048
602824,728576
1309740,1309764
228990,285792
770976,932178
764614,983800
679508,679679
424580,424607
786993,787017
514141,514160
531445,531683
760092,760118
225098,221525
1123996,1129538
490716,491631
745775,745799
696815,733696
223558,1209961
536981,1114060
813489,820498
811908,830321
521712,910535
765046,765067
490839,515402
1321433,1321576
757237,886795
519482,934341
517198,517216
774855,774903
877239,877256
812340,881078
531228,605223
863372,775335
231771,268338
225407,704454
643001,757114
977134,977152
722786,722803
1015090,1015116
968190,968212
223354,1205644
436063,525032
1272278,1272297
264049,465132
676519,676535
225891,886795
519482,1118898
228990,265182
811537,593506
223365,743337
228990,626015
1141510,1141534
224327,604720
696815,1245290
277977,278009
490737,501560
1188236,1188317
610044,610063
685266,799342
809632,1114073
531228,954480
854826,673940
246853,246876
230256,375290
490759,930354
223527,744015
1026835,1040424
1007922,1039684
990797,990811
224362,297835
225917,1135834
1261758,1261770
225891,851055
223850,221072
1234801,1234829
620359,793050
735092,735118
649808,840220
721601,721629
223558,757356
812340,812364
723753,723776
807681,877169
769912,769931
689632,781658
930192,930354
225901,989154
490759,859234
223354,782506
560907,668321
668281,669893
668247,668880
245588,245601
265032,885636
784134,930354
223312,220461
518056,518073
379592,1023086
234966,260089
490613,490666
560907,980992
499698,1317368
266183,497598
520688,975662
700798,930354
510153,1031669
616837,616863
225407,783865
246663,246685
849490,849540
809632,494172
223354,1018600
385109,1157409
488244,1051226
223866,1272056
793336,965734
666783,936130
339609,339621
504256,1040022
560907,672932
225718,650060
224874,1011608
560884,669069
839775,839813
1279109,1279145
488263,765675
666783,893913
1032965,1032977
225344,222569
682977,682996
536981,837126
225469,933869
223205,220419
238638,251024
804747,804768
707949,956699
225469,847438
1040288,1040300
696815,991073
894236,1178739
231771,231792
996727,1221477
295967,505154
317215,1040022
1138279,1162595
223438,220435
798564,798593
675723,675747
535222,535246
560907,672555
777173,777211
223768,223057
858076,251024
748895,958386
560884,673940
1160102,1327048
225917,679294
804641,804660
759203,759226
223137,220305
1026819,1104329
1188258,1188317
263693,859091
748427,259565
1160102,1286493
931965,1283522
228974,640205
234194,290551
223493,220720
523437,793928
279254,279277
334377,334396
595593,609371
777071,955452
816475,816512
907169,907182
223354,756144
531228,268624
755062,686188
748778,1018518
742529,775678
531228,967420
274204,274227
763570,967579
642902,642925
761283,761306
809293,854959
1245033,1245051
934599,952829
1118977,1118996
521712,1242374
225407,510097
748778,755996
490759,821736
225051,222293
757237,830223
519482,972588
226372,226393
331262,331289
520688,677918
825687,825781
842842,844219
849139,849156
748064,967420
1299044,1299063
763570,814523
265169,952988
262935,262957
223222,643038
767746,831540
881304,881327
520688,972143
224729,992406
520688,982427
517179,517216
223558,755996
693798,1042617
269128,330285
795722,675320
841060,841136
811091,811138
696815,237341
499698,700245
765203,1013219
705683,978074
1041410,1041434
778858,778870
795087,795104
223768,843920
878281,878309
748323,748375
567881,567921
687453,765469
505827,915903
254473,1036745
1002318,1002339
776111,894301
655292,655318
1316718,1316739
748064,622311
225407,705631
646565,646583
225469,849540
223354,1042617
787404,1106240
809613,992406
744268,1134671
225597,221637
669727,669743
490737,843920
954553,954576
225469,953923
236799,239699
842963,842992
505051,505079
692285,514442
676999,677703
734306,924019
843494,956794
224701,220754
811537,965775
536981,568219
651185,651205
715174,715212
560884,672932
1234497,1278866
531228,964091
788703,707138
530326,912337
225901,678616
704863,704885
224021,221254
560884,669599
858990,859015
263693,1237966
901901,675320
679508,679520
665824,625720
1295630,1297930
274757,274774
1131447,1131468
811537,965706
748212,964164
521712,1118996
733030,733053
1008925,1008941
224701,805278
948285,948302
488838,758324
1111566,1111606
1283132,1283215
533578,255298
681703,682544
263693,742564
863372,950674
1234510,1295653
869051,869203
487751,497598
858076,1112884
776111,1122971
246265,454306
737507,737524
487751,704121
748323,957807
668247,669133
323231,1262712
710788,946522
223866,691322
691295,517122
544127,544143
225392,1324457
1052543,678616
492379,757990
382410,569557
748323,989154
689319,976516
696815,337584
884663,905249
261783,261806
943752,943775
644216,1043534
763591,1134671
746266,746284
560907,672670
757318,940823
265169,291203
225917,994623
491864,498848
225448,220749
1034752,1040080
854729,673940
299421,299445
595593,693245
784498,784511
223365,910535
502390,892411
846285,994623
748427,499937
748427,500540
691295,740650
777071,932551
738472,1031420
531114,535128
223354,781658
858076,606377
225891,837933
225917,957807
814974,814990
502390,1039943
1278821,1297930
258427,258443
757318,851055
710258,916825
531387,936273
776111,934011
756809,756832
341176,939485
748064,306815
761539,1174244
1321511,1321576
552537,552563
518056,808125
505827,934704
1234259,1234271
721297,721311
648647,1230706
762860,762887
738298,930128
707949,934167
558092,1163884
811537,251228
301691,301712
345253,832886
700798,811138
835241,835260
1279075,1279145
225532,222728
298138,298155
323231,860959
871787,1237966
470004,470027
777643,777662
355347,1002387
881009,881021
506023,934704
858990,993402
1294300,1294328
776078,776130
490737,1027670
989226,989242
560907,1119409
323231,797652
783503,783588
391904,792977
621434,796502
1039666,1039684
298908,298920
748064,608999
1106479,1121245
225257,222479
694168,694181
225901,787296
961581,1031420
710648,710669
438378,438402
961292,1032397
531228,604868
1272127,1272143
1289955,1289972
232119,336368
224729,1001950
531228,605846
488838,488855
558118,726095
531228,697905
831984,832007
644216,949070
647403,647426
782575,867926
235473,881596
490737,795746
816900,816928
223866,692302
907959,907971
742529,797652
225917,679176
491988,1022340
225773,222970
811537,967386
520688,970476
520688,966307
228990,231645
708680,708701
223543,744101
1278845,1278866
1278558,1278570
748212,957381
679508,680988
510153,715212
724597,726095
691966,923358
488838,692302
225407,892964
794061,977414
774855,1000776
1023220,1023249
940806,940823
225469,989773
1326486,1326527
461437,461459
563709,563721
776097,776130
259937,259959
255589,357097
520688,976456
665824,626015
225407,895762
225469,932551
225203,222422
1164391,1164410
825205,825246
521712,967579
487779,1157421
748323,873264
580278,580297
668309,668321
748064,748086
339264,339286
225843,993795
762446,836725
966002,966041
227714,227733
356662,356689
858076,965710
506551,1294288
715174,798749
803130,803153
820645,820666
1298152,1298175
485337,1005370
788215,788236
490759,949070
691966,1122971
1326003,1326026
225407,823411
514141,1157421
695315,818668
742529,886795
273731,273754
263693,770866
1161824,1220893
245221,695009
223365,825159
263353,797652
223354,695874
974914,974933
858076,603047
739885,804768
228990,606377
962529,962540
782151,782180
1308188,1308249
225901,678055
679508,683481
223312,1119552
1286100,1286128
531387,987105
223171,220346
490716,490962
1234510,1261665
423658,423670
643848,643869
1144441,1144460
842874,844219
322624,322648
721601,911280
534332,534350
532689,532708
854803,1279145
225901,930128
809632,573460
675897,877111
685883,685906
695260,335056
373924,373948
748212,967449
228990,673993
223527,798593
806038,806055
832801,832886
797623,679294
224992,222238
758923,758968
762467,762480
922983,923009
224729,574337
595593,604426
223354,755996
738472,1144397
714767,714780
771036,849540
847396,847438
1102046,1117729
372737,976690
773399,883413
225891,847159
224786,1187853
265032,1165787
886309,1025264
748064,609079
784201,784238
487284,785032
854729,1321576
1278061,1278088
225407,221126
683577,683596
1182935,1234534
224772,222020
748212,965734
695260,796502
223365,797652
595593,802730
748323,678616
239521,437343
561460,680575
731679,731698
833330,833353
854667,673940
225917,855993
864627,864643
223354,975712
643745,656970
277635,681788
748323,1206810
776111,923294
763591,1022068
225120,222357
748427,500966
840848,840869
225917,220379
224803,974283
668281,669133
312662,643869
795722,880610
665824,955717
748352,748709
1258145,1258166
985378,985402
223354,757356
771619,771635
250530,818668
229748,654243
691593,1002179
763570,956261
847074,847159
223365,832715
1010894,1010936
335039,946939
521712,858758
643001,738128
533597,742658
886309,905249
519482,975662
748323,1209961
520688,1163884
238087,271464
521712,571947
731651,732025
679410,679434
255279,461714
235473,522200
671180,671200
847074,858302
996547,996568
734905,734922
225917,787296
748587,963843
669704,669743
335039,735658
1255315,1255336
652668,652681
1245940,1245964
1188121,1188145
774855,896632
858076,964062
435415,965706
748323,860764
519482,519509
518278,518297
777173,869203
317215,648051
675493,989046
602824,1155949
996478,996497
490839,490860
235473,247274
960737,1009799
854729,1280944
487751,487798
533901,533929
225469,950571
934432,959570
223558,756144
721485,842890
869149,869203
250645,250666
748212,530342
223866,1285776
654317,701723
225469,934341
1102067,1117729
766742,766800
223558,803900
265032,880495
748352,1111067
665824,625899
265032,918959
224362,221587
669466,669484
463089,540270
1105829,1105886
1196502,1196525
748323,748797
520753,780172
695928,1042617
723996,724014
616837,621605
644654,895762
531409,916390
776097,949795
686375,686399
1029115,1029136
854622,854861
223251,958236
705683,978591
316330,1021879
225901,726677
531228,371381
519482,1269531
223897,221119
224327,802642
385109,857664
872440,872504
602824,880623
757318,789365
263693,903548
335039,961631
675897,675911
968310,968347
854680,1321576
748323,1205644
1016284,1016307
224680,221979
406835,406857
558118,813404
297554,297577
763591,804233
225901,845291
225787,1004887
689388,1032321
223354,256519
757318,957807
655095,655114
521712,825026
1034752,1034775
644011,644030
887609,887621
761539,761556
490737,917397
668559,960759
228990,379748
504256,504273
225385,222609
1294203,1294288
854667,1321576
827262,994328
223472,220708
282800,358402
854315,974998
540941,540973
655095,1011990
520688,521118
1009061,1009088
1025991,1026013
519482,779535
869120,955452
1278845,1286493
269192,499937
1001852,1009799
975044,975063
225718,222915
225597,220490
720188,720208
851135,851231
558118,975662
868664,868686
519482,1134671
658124,658225
752685,786891
531228,614066
223365,859091
776097,934677
558118,975670
269694,1304117
249548,249569
434923,434947
738298,789365
230343,230362
689388,1126024
757318,873264
263693,989154
1052930,1052953
874780,874808
742529,1131336
1295630,1295653
1317347,1322980
673328,673344
317215,872504
1004361,1004894
263693,994337
223878,746039
595593,967386
1016162,1016189
748778,1018713
814506,898520
1282254,1282277
247033,967533
223969,221188
682782,682805
579248,579269
523437,858302
1317914,1317933
317215,933017
357959,357971
716139,716156
677243,677703
719114,719133
864627,665848
514141,257790
707949,961095
803793,803819
247901,247929
689632,765469
316601,316629
317215,491575
1324754,1324777
669114,673597
954390,938891
689388,782612
742529,832715
519482,674384
668537,960759
644216,644237
776097,929319
763570,858758
485300,992078
520688,1148933
1006986,1007001
223821,221040
531114,531957
748352,867030
832263,969835
678914,678933
487779,927889
847042,847159
1007922,1106498
880316,934758
263693,966307
223527,707769
748212,967355
223365,766800
521037,977507
223747,220966
877468,877520
225901,744015
707949,918260
832445,832466
934450,959570
223768,933869
249054,249077
764717,854423
855955,855993
1003664,1003686
776097,942326
742322,812166
876720,876749
531244,954480
858990,763850
225469,1118015
224729,1266877
913173,913194
225521,982628
854826,1002677
245245,245266
742529,803900
1025530,1025553
297944,297963
996864,996886
757237,1018713
490759,494172
748064,304054
711545,711566
1182935,1208544
223222,850211
991561,361192
225901,788068
804116,854423
490737,932449
858076,605275
521037,853850
996935,996957
224045,221277
685266,685284
758896,789365
771619,897983
692478,692497
1305019,1305035
224327,609993
223558,847159
229397,654449
675493,940282
1002244,1023072
323231,859091
763591,1118015
269455,269472
269562,461209
490737,1018876
675472,675515
225901,789365
773399,895007
696815,996292
735720,1170377
858076,605223
287314,287333
825222,825246
931822,982038
616837,695336
399773,858198
263693,1131336
668247,669069
890519,890557
501709,878833
938668,951966
757200,757356
654757,657724
854605,854861
867432,867450
734306,880623
283573,283594
1196208,1196375
1278845,1297656
247634,293744
225901,693854
1325983,1326026
224273,221502
255953,255976
858076,604868
379592,522789
879762,879789
518056,820785
224944,220868
231530,231553
520753,993402
519623,1135777
224729,517030
519623,519647
788800,788828
756781,756832
847090,847159
560907,560948
678231,765469
234059,234071
809595,992406
322960,322987
774855,935744
490737,739761
595593,614195
677243,677533
224729,858095
811070,811138
985321,521950
523437,757935
757339,799342
263693,860764
225647,222841
490716,500540
684768,684781
224729,1027253
1009706,1013203
224729,961631
248442,248461
842963,958483
330356,330373
225469,1043534
487751,488394
693798,797652
1123996,1124014
1196249,1196265
521712,981012
646565,833353
1034850,1034878
245221,248586
316519,316535
671696,987263
490759,739075
934450,1024069
1012909,1012932
255279,292279
225917,812034
692285,718070
757318,787296
964494,964516
858990,1139145
669048,669069
666783,985313
757237,776021
614481,626164
714831,714854
236969,517030
749195,749218
225843,220474
225787,1189026
749021,749078
1020911,1221477
223515,399794
490632,490666
811977,812034
879581,919415
224916,222152
224729,825706
894236,924953
519482,950571
710258,502319
223866,803985
1245183,1245203
882437,882459
225901,732601
1299754,1299810
531228,967393
224819,697220
293530,446878
965331,996886
731583,1027875
225469,863412
791579,791598
224327,810995
770995,985494
854928,854963
501709,935684
338615,1283522
223527,678933
854701,854861
1032965,1032996
730521,685162
854336,854423
417702,417725
537301,537329
644133,745907
762405,843920
665824,965775
399773,755996
520688,923009
224362,221644
223641,982628
580278,792822
224835,222077
225917,873264
689388,1100189
854701,1279145
533760,533787
223383,220627
696430,696453
239521,370211
224111,221352
742529,825159
650041,971857
704939,704956
742529,766800
730681,730702
683857,683874
744559,1021172
505827,506047
1321479,1321576
225469,1163884
644893,957249
996727,1020948
223515,316535
223907,1017081
246967,246980
707949,977031
225901,732094
934450,953189
326701,606320
862539,862556
699558,699570
225917,744015
687453,789365
678443,678462
687014,687033
748323,975712
894236,989014
265032,989773
717327,717343
930251,930354
777173,1021172
1007922,1007946
666435,666457
716627,716643
238883,247652
831913,835651
225407,978205
575145,575166
519482,1244130
854358,854423
1105864,1105886
665824,964117
765407,765469
734306,1185596
224315,221541
763768,1222805
530326,953330
520688,1308249
1005512,1005531
485337,775335
958099,958166
519482,578008
223354,825159
689632,940282
748064,625823
678671,759033
748427,614195
338615,1126198
224729,928966
785583,785605
804137,804233
278225,278241
858076,967454
742529,743337
940806,913194
353147,1119151
821957,821974
654317,654340
370474,370490
531387,985027
734807,734824
1160102,1237749
226449,271464
1007922,1027141
1111584,1111606
799569,799582
748778,955336
425649,425665
668559,1160125
523906,523923
509822,509846
224729,1114060
676999,989046
1312360,1312387
679508,680523
748352,989154
1199511,1199632
1199286,1199303
225891,845291
705683,992577
667050,1012852
858076,294463
515585,515603
317215,986543
282800,429265
757318,886795
525842,526668
806220,806249
248276,248295
858076,964117
454283,454306
223558,1111067
505827,1176738
765385,765469
490759,891171
692285,700245
780516,780537
519482,674281
254473,1193963
490759,739761
742529,812034
1299230,1299253
756233,756251
490759,960134
748778,678616
710047,710068
1016849,1016865
679508,755252
872440,932449
678142,975909
224327,532092
484622,484646
510153,859234
748064,604720
748323,755996
263693,775678
223354,955336
1158557,1158590
644216,1161188
490759,1014460
436063,436085
578548,578569
237620,237649
918916,1024762
730149,1040080
974347,974368
665824,278009
487751,654047
660289,660301
783503,825159
223429,220662
792268,792281
954422,923512
263693,782506
560884,673448
225177,222390
223365,903548
317215,490666
225901,1018713
237534,237552
730610,730634
876322,876346
295967,505079
742529,858302
1022393,1022412
996011,996030
811537,304054
738298,738312
665824,967449
675493,849085
1106451,1113240
521712,799147
858076,824117
236969,524134
263693,859439
890519,953459
224084,221310
491864,645096
784134,784152
645632,645650
931822,931983
228990,261141
737507,1106240
704726,704742
1121221,1121245
748212,965768
226449,463101
649808,649820
293049,355368
225469,880610
773518,975899
783416,783437
223354,877520
225407,702972
694077,1040668
224362,221600
501616,501637
522762,525651
1100664,1100686
748778,799342
316519,935361
520688,926306
858076,250096
385109,695336
245779,245798
572097,572111
223558,743337
832840,832886
519482,1010839
225337,221628
702870,702891
265032,1052504
398459,398471
501616,501721
947923,947947
788132,788166
1166408,1166420
522957,523056
223354,748709
710719,710735
714693,714714
842679,842738
734306,744015
691295,499717
224225,221458
675493,675911
886309,886345
491683,491886
1133552,1133575
643296,733200
223354,851231
869120,869203
710788,609993
687578,687597
266337,266359
695928,851231
223768,936130
515657,515880
1125236,1125258
1004927,1004962
814506,880495
748212,967496
1299777,1299810
228373,964062
748323,975777
1298110,1298175
776111,836067
771619,949070
807681,859015
245115,245136
854740,1280944
323212,616735
795018,795039
225901,797652
781435,1222805
962160,962187
223589,220806
686231,686254
694077,694110
705612,728451
748778,812034
665824,541344
345501,681653
323231,830321
731512,731531
545637,545659
812121,812166
776772,776793
351261,351288
1150153,1323204
522886,522903
758896,1042073
686616,686637
797623,693854
715869,715882
875064,875086
225521,222716
246093,406857
765046,779629
774855,935303
854826,1280944
748352,860764
646315,646336
894236,949795
272634,621605
234194,965710
488244,502319
776111,776130
533610,827075
223365,947297
360245,360266
618133,618151
1243042,1243061
998414,998433
774855,946669
894270,1165787
748352,913194
265032,922418
225891,947297
785013,785032
847884,847907
519482,1144397
224738,221998
763639,995987
263693,886795
691966,1208140
776111,953189
520688,1031420
1196208,1196265
679508,776362
874714,874733
1114416,1114437
658202,658225
1115692,1115713
1051668,1051681
485337,950674
355347,465132
223527,744101
742615,1043534
338615,1000350
568964,568986
263693,1220151
757318,1220151
748064,606377
523104,1222805
269694,269710
723879,723898
742529,957807
1025077,1025096
1299712,1299810
321210,321234
959850,959878
1295837,1295859
463456,463473
1313672,1313693
673773,673940
748323,1220151
776111,970005
904471,904492
560884,669893
718833,718851
225917,940823
710258,929020
228990,240228
748352,993585
521529,521540
224729,1114087
225901,755996
962593,970550
921465,923512
734306,971499
223673,220899
526288,526300
505827,931879
520688,1054808
558118,763061
809390,854959
379592,522838
730891,975810
858076,552563
693812,693854
223251,991588
399773,1220151
454882,454905
223527,795463
880938,880955
224327,855219
265032,1030608
797623,1177720
665824,379748
894270,924953
602824,625720
721485,721503
224452,331546
223907,891280
1038847,1038868
263693,1200648
757200,851055
488244,488394
490759,946624
263693,913194
265032,960645
668559,1106498
956513,1221236
225469,1027044
293049,465132
542953,542976
678671,765469
558118,785985
996105,996122
236558,1288213
1294177,1294288
225675,222873
523104,753227
854764,1279145
668559,1039684
671696,771977
803959,803985
917366,917397
520688,738536
223365,742564
691966,976345
854826,1321576
247033,247051
755172,755193
223515,700588
721485,794088
854764,854861
235473,697905
463089,545064
1175970,1175991
224729,935238
490759,694110
236969,493940
223365,760586
572273,572294
506023,737374
531244,247509
490737,500913
490737,779968
650535,650557
255515,1001712
225316,221616
757318,1051606
610044,910812
236429,1015035
519550,805330
1283178,1283215
691966,885636
748064,640251
757318,822501
643001,740576
772624,772648
1278845,1327048
692974,692990
788703,788726
514063,995960
822572,1028288
693492,693519
223706,220921
520688,1244130
1161824,1161853
1278845,1286019
317215,500966
879581,879608
223768,985313
804116,764772
225407,935303
324926,324942
654317,892513
776097,894301
247033,330285
223279,220529
225901,757356
323231,770866
510153,789558
530326,958291
661424,661448
228990,961285
861451,484370
519482,920180
1143046,1156558
488838,796502
225901,910812
531421,946522
643745,654243
228990,267161
673288,673344
1003812,1003831
351870,647269
1221567,1221580
919375,707769
338615,982038
809467,854963
426326,426342
790360,790387
669048,669133
561690,561711
691966,953189
224729,1021879
520688,804233
223866,1039873
757318,775678
505827,982038
668309,560948
804214,804233
223354,847159
265032,1043840
1026874,1026890
854680,1279145
490759,1285384
714503,714526
531244,824117
225901,830223
1032965,1170377
691749,691765
536981,537006
574940,574964
238245,238266
731583,571947
966002,1230706
224315,696183
568046,568067
625984,626015
686093,686119
1004943,1025927
699821,699911
223354,851055
490759,510097
943331,943354
293049,1232355
748427,501560
837103,902233
488838,516354
527659,527671
692612,692631
225424,222632
335039,662775
854740,1321576
689319,1049960
809319,854963
748323,1018600
322735,1106240
725624,1258166
317215,998839
776111,942326
426077,426096
223558,700693
875208,875220
835066,835084
228990,456879
758896,758968
563283,563306
775609,786815
490737,798749
756673,756694
453082,453105
490759,956566
520688,734663
224362,379619
322408,654449
764755,764772
233774,285792
965116,965137
228990,294463
748064,604868
225407,833353
1018560,1205644
542953,543958
1293724,1293748
228990,596129
488838,760950
672314,672333
224729,922418
740388,740405
531228,693245
225901,1042073
748427,1242201
793508,793520
748427,625899
804438,866185
1120283,1120306
265032,935238
858076,604426
621434,621452
1196352,1196375
237620,524134
675493,676127
225668,222860
763222,763246
783557,783588
854315,854423
531228,794618
1261069,1261082
533578,469932
748064,811563
225469,980890
338615,678055
224481,221778
323212,797652
487779,487798
918916,691823
686029,686040
1150153,1150176
487779,488285
249771,944622
531445,987105
1192129,1192140
265032,952114
668559,1182957
224596,221882
233364,233386
223543,795463
1102046,1102108
236429,236440
223354,748797
953812,976908
520688,1010839
715174,780172
223222,738128
224362,220783
858076,967355
811537,267848
649975,1013804
1193738,1193755
646294,646336
742529,1111067
224729,1018876
906125,906141
882266,882284
894270,989014
485337,1122651
748352,1205644
263693,855993
1020365,1020383
757318,913194
223233,220435
490716,748443
774855,1040022
1256154,1256177
1321498,1321576
705341,928966
225328,222548
832829,832886
1231332,1231350
510153,494172
915053,915076
225891,760586
338615,931879
501709,756694
224549,221830
254456,765067
748212,965723
708447,1031420
1294226,1294288
705683,976635
490839,739761
868831,868854
881124,881148
764633,764772
860614,860764
347904,347927
811537,622311
743889,786891
1043957,1043974
1119649,1119665
320320,320349
863994,864016
560907,669133
223527,758968
731651,731698
223768,812166
317215,914941
223214,220426
323212,877111
519274,519290
531318,1014782
832237,832285
490716,494004
748064,614287
794911,794953
490839,946669
355347,355368
272702,446878
510153,739075
520688,578008
323231,903548
259803,279556
782151,900204
1100849,1100865
776097,515880
687154,687177
520688,975670
964015,973506
526597,526610
858076,606320
797623,1051606
807495,807513
531244,455063
223365,792822
225469,1118898
262665,262683
850194,850211
666783,940380
322695,322757
595593,614512
642761,642788
517179,946431
771155,957017
671696,1039904
692801,692855
1138279,1158590
272634,694335
228801,221824
774855,980596
227311,227330
259803,361710
228990,304498
758923,759033
894236,1165787
501709,971857
1130274,1141356
668268,669069
854389,854423
710788,985234
678277,765469
1113229,1113240
665824,228325
748212,964091
779865,779883
502390,505257
533226,533242
694077,946624
663031,1001978
490759,808125
644216,953923
813489,848152
225469,869203
293049,1294469
726069,726095
675897,835786
804214,854423
490759,1040668
1102067,1102108
934432,1122971
794809,794821
620359,852632
650041,987228
1002244,1002263
665824,642653
225469,935422
1182935,1237749
679410,1259354
1160102,1278866
665824,970545
237620,523923
699536,699570
650779,1013917
773375,895007
225235,352641
689319,1049941
999834,292562
255137,461209
226580,226607
658890,658916
225917,789365
230434,958551
930312,930354
747178,747197
504256,896582
819808,819820
644216,1040668
295967,517122
531228,603624
349301,349329
646009,818112
1304635,1304657
364338,364355
912509,912521
490839,750202
1127383,1127401
1168568,1168581
846285,994337
490737,491575
228974,640251
710184,710204
652196,652219
837103,837126
978057,978205
668559,668571
675493,887293
224218,221443
766742,873264
520688,952114
225891,910812
761539,934612
668559,1128272
225407,515402
698477,698496
223396,220636
1245424,1245448
1029471,1029492
932145,932178
602824,611980
804116,804233
326701,604777
520688,1022068
558118,750410
949912,949931
521712,989046
316519,981595
988330,988353
531228,748539
490759,779968
769724,769748
1322029,1322040
223251,220490
321460,321487
722013,707487
246967,337584
757237,765469
996727,996743
223527,759033
521712,785985
665824,1158981
694077,1027670
228990,614565
389754,389777
854701,1002677
1305660,1305687
668516,960759
266183,1051226
669048,673448
758923,1283522
958533,958551
841189,841209
899980,900006
223365,871870
894270,942326
385109,621605
738472,813404
223515,1276441
642902,679835
224434,221721
698892,698918
521712,558141
669568,669599
731358,731370
724131,724154
323231,859439
223185,220379
225112,222342
531649,936202
225407,939485
224362,221208
679900,679928
705683,921800
463089,463101
1203678,1203697
228990,967465
762467,920534
709334,709352
225917,798593
650041,992410
854605,1280944
675897,676073
1182935,1183284
506023,506047
813750,813778
323231,757356
762936,762958
841400,841428
230256,257871
764633,854423
756057,756090
854605,1321576
1177708,1177720
831913,831932
560907,668460
282800,385611
490759,510009
905174,1025264
1167311,1167330
523104,523127
531228,624064
884663,935361
225131,222361
223527,678750
980651,980698
689319,689335
225469,985494
257844,301085
805245,854423
1310366,1310384
560907,792140
263353,799342
247033,385611
1008800,1008828
797521,797652
853536,853558
653367,653380
223866,760950
684907,684924
1206945,1206966
719620,719649
224327,1303242
531244,250096
257166,257184
504256,1205436
323347,323368
269128,429265
954422,954446
853809,1006290
952432,952450
705855,953297
224803,222049
490737,694110
228801,228829
1141421,1141445
675493,675747
1317895,1317933
265032,1024076
729662,729689
223866,524825
922983,934341
694077,797131
670422,995496
323231,849615
227923,227947
520688,979761
510153,1014460
1130274,1130545
1158574,1158590
665824,285716
323231,715637
531445,802642
748212,967465
520688,769397
522114,911280
689632,830321
666783,951670
955391,955452
1234497,1236452
1001333,1001346
771619,926306
954390,814523
385109,718070
939213,939232
853809,961095
223222,1032321
224512,221807
224937,222175
918916,1174082
798564,1294288
1321451,1321576
226580,279443
223417,220658
326701,603047
651832,651850
741095,842890
223768,849540
1190292,1190318
269455,469932
983236,983258
734306,929511
676999,677197
695928,695944
530326,919415
1234497,1261665
263353,903548
223354,909683
792879,792898
730149,730165
929361,929405
1106008,1106020
1157394,748142
228990,640251
645451,645479
671696,671715
295277,295296
762422,762480
1003158,1245290
676999,1220988
860633,860764
671696,987285
811537,864984
809632,569557
837174,837190
954390,923434
237620,1114073
758896,931983
487751,702149
855739,855756
859418,859439
769983,777529
504256,932317
1032833,1032846
225901,748709
224729,767779
691966,982334
674473,674494
847953,847976
229748,495298
797597,799342
742322,1205853
1234497,1261082
668559,1130316
595593,896480
317215,935303
722013,1054808
1040407,1119665
922983,220435
354232,1002631
223866,523923
510153,912337
602824,975881
254473,661993
501709,504391
842698,842738
735028,750202
517179,932317
616837,756090
1237720,1237749
621434,818668
263693,743337
1300763,1300785
223222,740576
323231,1042617
223866,1294610
748427,975749
721601,522200
843753,843776
531421,531466
894236,953189
224107,1324457
918916,814523
1013183,1013196
853809,853850
225165,222388
649733,649751
1301387,1301409
490737,932364
774855,986543
514141,748933
669048,669893
265032,1006566
849490,873433
668309,669133
225363,222582
224857,222096
763768,763781
742529,855993
858076,967449
561626,1105263
689319,1144460
858076,622780
748352,940823
658370,658391
223349,220593
1034752,807972
648917,648938
1007922,1113240
1322869,1322882
858076,240228
520688,521749
1001333,1154540
1019835,1019857
230434,230452
226973,330285
659381,944622
755062,755129
316519,797652
880385,972143
223251,1027997
649324,649348
964494,1285384
223536,220754
858076,247509
338615,820936
225891,830321
518136,518158
574940,1051610
730545,730566
323231,994337
338615,849615
854667,854861
665824,469932
770995,953923
842679,971225
224764,221594
748323,967522
647403,648203
863372,954446
763591,853850
301765,301783
757339,757356
225469,873433
960737,1007946
742322,843920
960737,960759
1002649,1002677
748212,753227
770976,929498
1130274,1138298
741575,741608
531421,949418
317215,491631
754118,1052504
668559,1009799
934450,1221236
520688,863465
757339,775678
225469,929405
788682,788726
758923,820936
748323,1298390
874999,875017
1129517,1129615
748352,1199390
1300609,1300621
567426,567442
595593,604777
1286267,1286280
225300,222524
255349,255365
224097,221323
395089,395101
875277,875296
602824,967408
355347,662396
347083,347106
558092,785985
490737,940380
225407,1052504
665824,221685
704726,775678
225469,541509
501709,972854
689632,1142852
490759,620371
558092,558141
223768,742351
673773,1002677
704726,1308249
1283150,1283215
225407,937868
595593,955857
748212,967483
223354,859091
502390,972854
225453,222666
531228,802730
1160102,1295653
482700,482728
558092,813404
256245,256266
257774,257790
982310,982334
223734,220555
560884,669133
956773,956794
224729,979676
520688,895114
225827,223019
807681,689860
721369,721382
746601,746629
223558,903548
842679,946624
680228,680244
691966,982212
1136559,1136571
1005512,220488
224315,220731
519964,519986
263693,812034
761692,761713
942286,942326
293621,504391
748064,610063
894270,953189
738472,895114
520688,1155949
1174631,1174654
317215,491030
682782,974283
519482,970476
1036721,1159274
1304908,1304920
323231,755996
273194,273211
266183,1039904
558118,863270
223128,975852
763570,799147
262341,262360
704726,1031420
224729,732025
748064,626015
742529,748709
1039759,1039771
717182,717202
738472,738536
269214,754796
224107,1119552
223527,919415
1294634,1294652
491988,795297
856317,856338
225578,222763
326701,1303242
223222,757114
263693,830223
225392,222613
257844,257871
223515,935361
1018560,678616
748064,228325
225469,972588
520688,857574
669683,983960
710431,710454
225407,1205436
694077,932449
602824,614124
225972,523526
391904,391927
734489,734502
488244,793992
666852,666875
961292,975796
223354,1018518
225226,963993
531445,532092
1138279,1208544
224971,757356
980520,980549
644216,917397
297944,1285776
854842,854861
689388,975643
238444,378581
223354,860959
490716,879105
812121,845624
707949,953330
223768,666806
751609,751621
263693,803900
676519,676865
338615,759033
490759,852632
1020455,1020472
748064,605846
777071,784152
792949,792977
225337,222553
224107,1307215
223251,220501
224971,222217
223365,220604
224786,272652
646294,647028
646078,797407
692285,910162
644216,757114
232119,232135
785701,785729
933539,933556
846114,846133
223515,542884
263693,910812
263693,757356
506023,757356
224971,994337
1118769,1118782
224605,221895
223625,220847
225681,222887
245221,245266
675493,734573
689388,738128
854764,673940
323231,789365
225901,1220151
1043654,1043677
787404,787427
510153,844889
1327024,1327048
1004927,1025927
1278821,1278866
742615,756312
616837,929433
506023,1262712
533363,533385
742529,847159
1208004,1208027
679651,679679
223602,220823
655552,655575
572944,572963
561460,679434
878814,1309050
839752,839813
748778,1209961
776097,980890
845676,845695
265032,691615
707949,949070
642837,642859
517179,756832
794930,794953
695928,837933
226449,226465
521712,677918
905671,905692
797623,755996
943625,943641
282800,282828
859544,910952
454283,1021494
783557,814770
763639,888995
224239,221462
223365,745205
880316,941750
250530,733840
761539,1034775
228974,400850
485300,485359
781435,781457
276134,276152
223365,775678
1290334,1290352
265032,979676
854646,1321576
225359,222576
689388,709220
225901,781658
1099862,734663
964015,697220
858076,1158981
681197,681215
224729,1006566
568046,568219
709830,976908
763639,799147
487779,927773
229397,229418
1044029,1044040
352976,352995
815621,815645
323231,1142852
317215,1185596
317215,969835
531649,1014782
233774,233790
683667,683680
225469,784152
763639,1010839
225917,678750
1111794,1111815
1030872,1030893
854786,1279145
665824,624064
777071,960134
643001,756090
225901,910250
531387,946522
506023,933933
953104,1122971
225584,222785
531114,531263
238376,238395
646078,646097
758923,931983
894236,942326
228990,285716
748587,825026
832263,926600
558092,1022068
254456,255429
491683,491704
657707,657822
1121209,1121245
490759,501560
675472,676910
647160,647187
654757,654774
223866,910162
228373,943144
1317830,1317933
691593,691615
323231,737374
1177224,1177248
774855,932364
722013,923755
811117,811138
225917,1237966
1001852,1007946
809595,857664
510153,510176
1122944,1122971
668309,673597
263693,755996
224013,221231
689388,689860
519482,976456
739816,739837
1150971,1150992
233068,233081
652005,652022
561460,882459
993366,993402
654682,654703
269694,779353
223365,909683
316519,884525
734306,1000776
521712,674281
809632,543958
1131423,1131468
670498,670511
519482,853850
961048,961095
748352,1206810
1313459,1313471
247634,247652
513412,513431
519623,858095
225964,226291
263693,825159
770995,849540
1234510,1261082
686807,686824
223641,220868
323869,323882
682460,682487
490839,897983
224819,222054
390549,390565
602824,779535
809613,857664
815894,815915
1208418,1208439
531387,949418
323231,775678
322695,425302
490759,932449
665824,328550
769101,246489
695315,695336
223365,715637
265032,691823
788941,788960
269192,1154517
769101,310970
531228,268533
771036,934758
225891,755129
223527,869203
934649,934677
645012,645031
223354,743337
730610,1010839
487751,488855
490759,777211
763639,1303843
521712,763061
774855,914941
255349,971066
687453,791918
659310,659334
858076,965723
811537,964091
682661,682688
734306,734323
1005772,1005793
748352,873264
519482,995987
225407,490962
894270,949795
569485,569503
399773,1051606
294060,294087
748064,967412
263693,797652
238444,238471
748064,268624
776097,876517
922983,972588
879762,886345
225901,886795
965116,996292
1170312,1170377
501709,892804
737480,737524
694077,779968
504256,915292
715174,964516
1131406,1131468
1258121,1258166
882221,882284
783526,909683
1118378,1118397
1320481,1320508
858076,304498
799110,895114
647921,647945
1002649,1321576
262599,262612
675897,677262
485337,950571
719696,881596
878814,1039943
769101,261403
645818,645839
748778,748797
576053,783865
849490,985234
748427,614614
317215,1179444
748040,965752
228990,614614
519482,857574
1002244,1023086
256170,256191
490759,798749
1189639,1189656
733373,345720
669568,669893
1167849,1167865
707949,707965
544672,544693
689970,689991
894270,894408
266469,975731
695260,422606
520688,956261
701214,701233
488838,748142
223365,845291
642902,680151
777102,784152
793890,812227
691945,691984
263693,860959
225901,958166
673917,673940
547009,547021
266469,1266877
225407,922268
764698,854423
223536,1135834
225430,222645
501709,893269
798000,798028
520688,813404
896467,896480
265032,1015035
224327,220435
322695,649221
1002620,354250
1003158,1003170
535222,1135777
1299796,1299810
688102,688125
323231,877520
225929,223088
821339,821356
748323,1200648
531228,929553
809335,854963
375079,375098
885351,1014299
894236,896357
671696,758324
488838,700245
960110,1115427
625984,840126
279539,279556
224078,221306
814506,880566
485337,1118898
652773,652794
995939,1137841
548350,548378
264049,293077
903860,903887
957038,957055
224130,221375
748064,379748
225407,843397
265032,985062
738472,785985
982001,982038
248823,248847
494129,936565
720296,720310
223251,954152
683738,683755
1106217,1106240
224452,1027997
277635,277657
685330,685353
644216,920534
758896,982038
246594,361710
1026819,1119665
1211775,1211799
435415,967420
880385,880407
338615,1042073
649039,649056
725669,1258166
784943,785032
776097,982212
1287356,1287373
742529,748797
763591,1010839
558118,578008
715174,820785
776097,1174244
665824,967431
757318,757356
858076,604777
399773,1051610
531387,932676
773518,773539
969916,1024770
756673,880165
748064,610211
809632,572294
531228,606591
707949,735658
784962,785032
963964,975691
723494,723516
771036,771062
1138251,1141356
748064,610139
225005,222240
272634,616863
223884,221093
949487,949500
934432,1221236
1219946,1219967
768179,768198
769846,769867
223845,221064
272725,476476
665824,461714
660099,1022790
490716,500966
1105840,1105886
665824,423670
225901,859439
558092,977507
225891,909683
224021,221249
748427,247424
223515,1025264
223515,797652
228990,247424
748323,1131336
224729,1032397
223280,220538
823316,823337
520753,804233
677010,1220988
225739,222936
767503,767526
730149,1034775
616837,621549
809632,771402
223948,221161
356945,1288382
225917,795463
521712,805330
1166987,1166994
225917,967505
225407,704121
317215,1154517
440260,440287
501709,892411
1226254,1226277
293049,322034
665824,973506
1246052,1246075
531387,611922
822230,822253
707949,976635
811537,596129
1322135,1322157
1130290,1130545
869149,266203
1112930,1112953
668559,1158590
775609,781658
223464,220691
691875,691899
552626,844938
699515,699570
994022,994046
665824,622311
672604,672627
1002974,1002990
999834,999852
962593,963986
998106,998123
285054,285077
533290,533316
763570,839116
666783,843920
679577,679596
643001,877169
614481,923698
272702,273754
689632,910250
506023,1018713
771619,805041
784134,934237
662320,662349
225901,855993
928604,928627
293621,335056
742529,787296
742529,851055
224583,221876
246265,246283
858990,1161188
1002318,1193963
336616,336637
531445,531466
748064,605275
1279075,1321576
225891,871870
1120556,1120560
732999,839813
224241,221470
647000,647028
279946,279967
697721,697745
487104,487127
668537,668571
224391,221685
858076,281366
964309,964321
492379,988526
646294,721693
814506,814523
224107,221347
282800,358456
495349,704454
791885,791918
758923,981595
263094,263115
658124,658148
234059,234984
435415,605908
1292410,1292434
225219,975834
224764,958329
1002743,1002762
1018587,1145377
349166,349184
1032814,1032822
530326,820498
224786,220380
246594,246616
748064,955622
858076,623704
832677,832715
224520,221811
224370,221659
520366,520384
563265,563306
742529,858198
1032920,1032977
643296,733696
224679,221967
228990,400850
223222,709220
223866,784697
223354,966307
742529,742564
758896,931879
654317,935684
678277,700638
656802,656825
980679,980698
1301864,1301886
742529,756144
961696,961727
1026531,1276441
238087,238104
255515,255536
1317876,1317933
263693,1018713
236570,236591
742529,765469
837375,977217
223543,1026565
1279121,1280944
279539,695565
317215,693854
1129517,1129538
224729,438402
1121910,1121934
854803,1002677
1196220,1196265
223543,220754
1028955,1028972
1326464,1326527
743889,985027
668281,668321
225901,775678
223222,756090
742529,994623
520688,956597
1211660,1211687
231771,929553
567909,567921
263693,766800
579224,579269
848451,848479
931965,931983
1321553,1321576
293621,293645
232713,526022
669048,672555
884663,895302
748064,967483
519482,918959
800387,800409
399773,859439
748040,591195
835633,898066
825687,825706
894270,896357
858076,605846
501709,831720
224050,221283
1026835,1026890
263353,1131336
224565,221587
744559,785032
668642,668661
804438,979960
341176,341195
223354,903548
225741,222943
834991,835013
322408,322420
536981,933249
894236,894408
738472,763061
804214,764772
335127,335143
757318,859439
224452,963993
224182,220295
744571,744661
694077,798749
696815,351891
811537,965747
964015,964043
809319,854959
974502,974525
577752,577775
1143046,1143051
738472,979960
960737,1025873
225469,917397
1011974,1011990
224646,221933
281690,281711
223527,735269
338615,795638
748064,306681
748323,781658
544672,545064
223527,759080
225407,832007
650041,972854
1279109,1321576
525287,525304
686876,686895
657500,657528
225407,491631
523437,775678
773399,951966
855424,855448
757318,781658
748323,859439
223618,220834
671696,893139
724610,1031579
225316,222530
225836,223026
236558,236591
490716,500913
575364,575386
520688,761029
738472,977507
232713,232732
560907,669893
1036797,1036811
1134135,1134157
323231,910250
223365,851055
689388,993402
228990,606591
1034747,1034775
699821,699850
742322,847438
1124681,1124702
436139,436156
858076,361660
730827,730843
758896,1283522
1032949,1170377
859210,859234
380323,380347
531228,531957
223251,732209
531114,640205
714376,714416
225513,222700
242500,255832
238444,379619
710788,614512
665824,965734
659029,659040
679481,679520
387969,387982
858076,642653
795278,795297
510153,932449
693798,877520
449794,449836
657500,972588
223354,947297
322719,322757
749045,749078
784991,785032
265032,1319185
762405,762480
776097,958075
1138279,1183284
224842,222083
225022,222264
665824,234211
269192,351288
858076,844938
567909,570797
224944,679928
814198,814216
776111,998839
944304,944327
917091,917117
757339,886795
810246,810267
819307,819324
225891,745205
1196249,1196375
742529,1018713
225843,223035
490759,920534
223558,220765
255349,995941
1121981,1122009
660918,660939
700561,700588
1148458,1148470
505827,931983
1163128,1163144
811537,261141
724131,725774
778699,778718
742529,770866
224622,221914
999834,352641
225407,654340
693798,707898
223354,799342
748323,993091
520299,520313
272610,782612
708888,902504
1049178,1049197
464804,464827
832082,832105
665824,622780
225469,771062
228990,306681
763570,970476
406835,851231
225448,222498
1160063,1160125
956080,1001712
435784,435807
929255,929272
521037,521059
648407,648424
757318,1051610
519760,519787
649191,649221
707949,960645
298138,418276
490716,490860
771730,771753
965116,1013917
525013,525032
558118,558141
224786,946735
298138,644318
272725,446878
773375,951966
673261,673344
223694,220913
748323,1018518
748040,748086
905174,905249
266183,499195
742529,966307
521712,566565
748212,967477
953812,953831
875347,875368
754118,754139
269214,910162
691945,939002
1308208,1308249
748064,748539
668268,668321
654317,739837
224729,1174082
1241038,1241055
867677,867696
1298134,1298175
223768,929405
781604,781658
710925,710941
223354,770866
263693,756144
776097,985313
1164803,1164826
840174,840220
335039,1006566
769101,958215
777102,777211
1036573,1036594
841041,841087
484622,693975
762405,879216
711756,711773
1234497,1237749
1102080,1102108
748427,614124
470299,470313
858076,266773
595593,728576
1005202,1005225
665824,965710
237620,1157450
761539,982628
558118,1031420
406835,775678
805245,805278
788682,947002
488838,1051578
990905,990922
488244,1001966
223710,220932
225033,222272
223527,820936
488263,488285
499698,718070
326701,1032234
1307514,1307533
682782,683260
602824,604868
1317064,1317086
1278845,1295653
225843,221644
223185,220351
943205,943222
316519,759033
696815,888543
744268,857574
748352,781658
671696,1051578
225901,994623
748064,623704
742529,903548
1017973,1017994
520846,520867
223365,975731
858076,494004
225411,221347
487779,514346
942286,1140860
734375,734399
775609,835013
650705,650722
877944,877963
756057,1032321
646315,682366
982381,982427
765046,661993
237620,1114087
748427,955857
647071,647092
493274,961926
660099,660132
223185,220367
263693,994623
224667,221951
487284,487307
1160426,1156558
748587,1031291
303975,303999
654317,1118015
919375,919415
533610,533634
705271,705292
1104301,1104329
1324731,1324777
223365,744015
491988,662924
1305383,1305401
765929,765940
1026819,1040424
223832,221055
245311,245330
757237,984461
692285,992406
225545,222737
954390,775335
672102,672125
837375,920432
748212,1122651
672194,673652
725648,1258166
279539,731304
669114,669133
671696,927773
944531,944554
269214,351288
704726,1185596
662897,946828
991561,294158
705341,705360
223365,910250
1301534,1301552
673773,1321576
861451,861479
265032,971499
488838,1157421
920167,1269531
223246,220442
225108,222335
510153,930354
1157394,1157409
655838,655855
237620,995956
876852,876875
848451,1189026
1307372,761029
255137,255159
1050178,1050197
1312599,1312612
707949,895007
400543,400562
770976,845624
665824,665848
1160085,1160125
523906,528892
317215,985101
1036721,1043263
1188270,1188317
748064,967372
731651,732094
1034752,711495
521712,966307
223543,1164410
406835,1308249
223536,756969
225469,920432
709905,709922
488263,765584
689388,863837
531387,531466
748212,967412
750468,750481
708680,738536
644216,946735
223527,1021172
531244,361660
225901,994337
1209942,1209961
739624,739648
1222626,1222642
225469,1269531
777333,777351
812522,812546
225469,893913
714906,714923
255279,255298
263693,263714
763639,975670
1305850,1307215
573908,573920
223222,877169
753150,753178
832789,832886
1031258,1031291
679508,680151
223639,220852
519482,1163884
699536,1177720
763570,1118996
225901,267848
707949,976690
490839,491575
224971,830223
673773,1280944
224423,221713
388388,388405
225917,795638
755954,755996
933980,934011
748064,820666
1002318,1002387
435415,605846
223527,981595
572097,572294
225469,819820
519482,1315066
687453,957017
344323,344347
224764,958227
223365,789365
523629,765226
269192,351219
695549,695565
323231,678616
230239,230273
858076,606591
316330,515089
689388,786756
531228,625899
503464,517122
520688,1303843
595593,967412
490759,793050
323212,799342
679410,1194440
776097,1178739
689632,745205
748778,777211
1110885,1110902
765046,1160435
531387,936343
567909,571025
490737,1036594
560907,673448
824332,824378
678231,1039873
854740,673940
858076,234211
748040,251179
533597,533634
717391,717410
514141,514346
685266,797652
531228,820666
1148685,1148709
223866,523056
809632,1022340
1309066,1309084
934450,1165787
719394,719413
228373,748231
576053,699850
504256,979676
255589,255602
223866,662845
293621,469765
520688,763660
503464,769674
1237063,1237085
302373,302394
689388,689405
224499,221784
858076,297389
1016820,1016865
238542,238561
224327,950456
854803,1280944
704726,798932
563541,563560
831708,831720
879762,935361
225891,757356
814506,959570
748212,967372
223558,851055
894236,1140860
858076,605908
803410,803434
223251,220474
490716,491575
223144,220314
225407,728451
858076,955717
510153,1040668
224260,221491
695260,695336
671696,823411
263693,1018518
223911,221135
531228,965752
811537,306815
777071,852632
298138,321965
705683,978205
763570,995987
534210,534234
501709,978591
523437,523459
748427,771402
692285,857664
1132751,1132779
687080,687108
254193,254210
748064,593506
1025856,1039684
226973,385611
326701,591195
748323,967533
644133,644167
424408,424420
776111,1165787
748352,994337
225407,1150176
225014,222255
225901,220731
811117,934053
521712,863270
1005512,221600
385109,1137841
488244,524825
520688,757935
660533,660551
517179,706825
732561,732601
1130274,1130316
757318,797652
832263,832285
711203,971857
828220,828265
531445,936343
668559,1104329
595593,932243
719903,719926
776111,934677
809632,946939
231771,967355
762168,776729
506023,775678
484740,484772
385109,504391
694077,872504
223752,220978
520688,988039
287314,358402
490737,490771
678914,679124
679971,980971
694054,784152
691966,946828
316519,820936
224362,220419
564007,245952
520965,520983
783526,783588
520688,779535
225469,935083
595593,605753
994804,994827
225407,645096
521712,1031420
1170251,1170377
689632,715637
488838,885419
776111,949795
460458,460470
679508,682234
506023,886795
317289,358456
689632,755252
223768,795746
223365,910812
520688,853850
223562,954152
224406,221692
673300,673344
748212,964062
351870,351891
317215,895935
643745,643766
809293,854963
490737,820785
748064,609993
1170279,1170377
874923,874947
659594,659616
225917,775678
824690,824711
659190,659212
504256,935238
490759,941334
1010422,1010446
1121311,1121330
675472,1220988
520688,858758
748064,605753
487751,491886
490716,985101
662897,1319185
223365,757356
385109,784697
531409,531466
719696,719715
748064,954480
338615,819250
263693,769206
492379,915665
1013165,1013177
805018,1122971
225606,222802
812145,812166
225901,833831
688037,688059
783557,860764
490632,832285
738171,738192
646078,813946
709135,933933
223159,220322
535930,535953
718537,718559
758250,758278
225407,848152
323231,323254
265032,894301
741095,741114
435415,435436
1304795,1304814
701214,793195
738298,855993
668309,673448
471691,471712
731679,732025
225917,735269
707949,757990
762303,762326
838567,838598
643001,786756
742529,851231
490759,715212
223527,781658
768105,788166
643296,643310
651536,651558
225804,223003
225226,958236
595593,611980
867903,867926
714629,780782
504256,1000776
1220285,1220302
777102,869203
317215,982628
236641,236660
748778,869203
771155,934271
694077,941334
223660,220731
1033218,1033239
266469,266482
490759,490771
520688,967579
915030,915076
763570,1244130
918916,1002179
263693,781658
295967,499195
707949,941709
523104,1049960
1234510,1286493
302228,302244
223527,776021
531387,934053
679508,681788
406835,705151
837375,837399
1283611,1283630
506023,781658
901344,934341
265032,896936
1033738,1033755
680506,680523
272634,272652
854225,854423
776111,899628
765203,765226
547239,547256
576053,576076
223401,220643
224362,220474
743652,743675
708614,708633
224327,802730
658890,1100865
520688,977217
223515,338398
225891,1131336
1234497,1286019
1020911,1020995
223222,786756
748778,1021172
351261,754796
223570,220796
531228,967431
777102,1021172
520688,792027
730610,863465
675493,1126198
865912,865931
720489,720502
531409,987105
813489,896936
552626,845551
398910,398934
834229,834240
223543,1308249
293049,339498
692285,515089
621434,694335
1196905,1196922
490759,961445
812145,985494
782575,782612
758923,982038
531228,307001
323231,975806
748323,967514
816343,816362
1131304,1131336
317215,728451
691966,918260
867547,867568
224362,221616
738472,804455
266183,266203
520688,814523
756383,832886
225756,222958
510153,961445
1232607,1232624
1273302,1273325
490716,490771
689632,994337
520688,825026
1021155,1021172
854764,1002677
874574,874590
859418,913269
345708,370636
505827,505843
767746,767779
742529,799342
531228,824117
812145,1027044
748212,965747
858076,292279
758896,759033
748040,307001
223558,783588
225917,1199390
733445,733466
665824,961285
225469,756251
223354,678616
665824,261141
1244239,1244256
694077,820785
782575,793050
379592,526668
730756,730773
224327,608999
223222,855219
491864,1051226
225235,222451
225917,700588
668378,1013794
705341,963597
223377,220615
233236,233258
333738,333819
223558,748797
1138279,1141356
684192,684214
398232,398250
223205,220398
570778,570797
223558,792822
1104301,1128272
490759,872504
263693,1018600
225584,222771
1259821,1259845
225623,222825
224729,541344
701214,1154517
762621,762645
771155,934122
223354,745205
934568,934612
792619,792635
316519,951555
858076,326729
901344,1269531
224729,959279
524106,792441
1205174,1205190
225901,735269
224565,221853
916342,1101163
1299000,1299063
968310,1304117
691966,691984
223515,220731
672037,672059
225469,904655
224520,221824
858076,957381
502390,1039873
762405,934758
884663,886345
908619,908635
490716,1042808
668559,1138298
265032,1002179
517608,517620
275360,275387
1182935,1236452
326701,326729
616837,621452
764614,1028112
490759,932364
894270,1208140
648647,648668
223251,730843
715174,739075
520036,520058
602824,738536
809201,809229
675493,877111
696815,696836
534456,534473
225891,775678
657500,1315066
807681,838598
665824,967364
223222,771402
877304,877327
1105105,1105122
706548,516924
295967,769674
485300,954446
263693,910535
561626,561642
531244,306815
1009710,1009723
225469,1021172
809632,560589
520688,977507
488244,524388
435415,967449
694054,777211
718690,718711
689632,737374
1161518,1161539
807681,348185
1197371,1197392
650266,650284
673131,673154
499698,691322
829819,829835
719325,719341
223440,220670
879762,895302
323231,1131336
341176,701723
693798,788068
264049,264065
223504,265406
763639,895114
259803,259826
813489,813502
721746,721767
979291,979317
335039,821736
237620,493940
865846,865867
265032,265050
758896,820936
1160102,1261665
521847,522838
748778,789365
675723,873264
335039,662845
776097,1122971
742529,859091
224202,221436
809632,509846
1285867,1285880
809632,1163884
804438,804455
223768,929319
738298,994623
223734,220950
225469,1315066
560884,668460
901476,901495
854667,1279145
560884,792140
1179428,1179444
576919,576935
689388,888090
1327179,1327198
338615,338636
223354,975909
739885,734824
223558,609371
223781,221001
666783,845624
225891,220604
668559,1208544
717971,717992
521712,905249
519699,519718
748427,611922
660676,660695
652858,662775
710579,710598
223558,789365
756673,733840
490737,1042808
763591,799147
223365,865795
875135,875157
223591,220810
1004943,1004962
847074,1131336
238376,540270
795018,835327
250530,495298
519482,1308249
782341,782360
224066,221296
250530,250553
744559,744661
675472,989046
521712,995987
278130,278153
757339,797652
293621,1272056
940806,764772
728839,728856
811537,965768
748352,993091
1226086,1226103
708680,1308249
269214,869972
531387,810995
905190,905249
758896,981595
968310,672749
687718,687739
775728,775744
225469,818219
665824,240228
811537,328550
223734,749633
809632,552473
742529,1018518
316330,316353
228990,640205
1007922,1025873
224729,221541
671696,797328
742322,940380
934961,934988
773399,956699
775609,775678
888850,888878
531318,531339
503280,956597
490737,1034493
488838,842992
223866,220604
1324322,784152
934432,953189
499698,504391
700798,700812
225901,1030608
1234510,1234534
764755,854423
689632,789365
843494,843516
1145035,1145057
231771,235500
234194,642653
770995,985234
1117701,1117729
531114,268533
748427,612286
647604,647627
668247,668321
679508,766514
338615,799342
734306,923698
858076,858095
677960,849085
971273,971294
854803,673940
530326,530342
223558,765469
490759,820785
345501,345529
223251,220461
724597,1031579
811908,855993
954390,863412
694077,1031669
225509,222697
665824,292279
531409,936343
1002318,1160435
331121,331145
485337,992078
602824,221824
763019,1022068
1295941,1295960
621434,695336
223768,880610
954390,950674
510066,510097
316519,799342
707949,956566
691295,692855
863372,998927
918916,1043840
748323,1042617
840778,840797
499698,499717
814506,1024076
231374,231390
238638,238655
809632,831540
731512,1124219
345708,643869
265032,1174082
934432,1165787
449815,449836
671696,892675
969916,1024076
800552,800575
560924,980992
763570,1163884
887357,887374
663031,687407
491988,492398
666783,847438
224124,1001346
748352,1220151
1303392,1303411
263693,748709
826693,826714
225407,896582
227923,302762
317215,926600
518056,912337
854729,1279145
505827,1283522
225938,223090
521932,985332
223486,220712
694582,239610
250989,251024
531445,936202
503280,503308
694054,1014460
903841,903887
372737,372759
1037955,1037972
1130290,1130316
575145,575386
651417,651438
263693,847159
410450,410478
710788,608999
748778,1237966
958113,958166
766580,766607
748212,967393
756233,955452
858076,967420
531228,247424
748323,769206
517179,1185596
490759,914465
748323,913194
317215,1205436
287810,287834
719200,719228
224362,238471
488838,910162
679410,683481
668516,668571
223308,220564
665824,967454
424816,424837
223251,656303
488838,748933
757339,1042073
736268,736281
224729,951555
748212,748231
710258,502507
829032,829050
1179330,1179353
1260326,1260342
694077,1285384
675493,1000350
488244,523526
748895,748933
521712,1294411
1012834,1023055
1296789,1298020
224819,246489
655478,655497
541702,541725
854680,854861
1112365,1112383
1296568,1296581
692409,692421
670286,670303
830439,830456
644654,644677
692547,1012932
501709,892964
776097,863837
1024341,1024360
570778,571025
226973,226994
255279,934864
756768,756832
894236,1208140
316519,795638
743889,743901
505827,906950
225067,222303
568300,568328
685767,685780
694054,694110
734283,749078
764273,764294
689632,775678
602824,923698
223365,755129
806750,806778
665824,302394
691966,894408
531445,952612
298138,744661
646078,797328
777071,1021172
317289,317301
748064,614195
763591,839116
254456,1294469
999834,220604
435415,623704
649127,649143
934599,934612
225901,743675
1295291,1295317
277977,292562
763570,1031579
490759,1031669
994469,994509
797623,1174244
225889,223074
263693,851231
689632,757356
224447,221732
1201584,1201606
644216,855219
225891,859439
225469,920180
663181,663201
521712,963986
494129,494172
773399,890557
1164391,1276441
224124,221368
223504,220367
531228,614343
317215,896582
1297042,1297061
266183,1051578
523437,1205644
238376,410478
225891,783588
786098,786112
693798,851231
891527,961727
228990,625823
732999,733053
729627,729689
530326,946669
558092,967579
758923,797652
668268,668880
595593,967393
746170,746191
757237,770866
225407,936565
1294242,1294288
501709,506735
704790,704816
504256,1185596
263693,832715
814506,1024069
885351,1000776
506551,506579
493699,684504
853809,979761
490759,491575
997003,997026
646475,646499
899556,899628
956080,956108
854803,1321576
224391,220765
874854,874877
742529,910535
680421,680445
224362,736281
263693,858302
811537,967393
670422,670446
1278845,1297930
229089,229101
763570,853850
1263149,1263165
265032,1124219
224468,221750
531649,1030683
1264004,1264027
1117045,1117050
1117013,1117078
1117032,1117084
1149315,1149362
1147956,1147960
1177921,1177966
1205721,1205560
1211995,1211930
1211866,1211878
1234069,1234082
1241126,1241135
1279925,1279939
1280084,1280148
1280097,1280153
1280107,1280169
1280111,1280176
1280124,1280182
1280130,1280195
1279902,1279918
1280202,1280260
1280218,1280273
1280225,1280287
1280239,1280294
1280241,1280304
1280256,1280315
1279871,1279885
1279941,1280013
1279956,1280021
1279960,1280032
1279973,1280045
1279987,1280050
1279994,1280066
1280009,1280078
1281414,1281511
1281422,1281524
1281433,1281530
1281446,1281548
1281405,1281507
1281479,1281576
1281480,1281582
1281498,1281595
1281451,1281553
1281467,1281569
1279892,1281609
1281361,1281613
1281374,1281621
1281388,1281632
1281390,1281645
1288981,1288999
1289005,1289014
1305455,1305377
1286832,1286845
1314887,1314446
