TPPID1,TPPID2
1044254,1044277
1044310,1044334
1044399,1044415
1044489,1044502
1044489,1211088
1044541,1044560
1044541,1211090
1044600,1044628
1044600,1211100
1044663,1044685
1044663,1211128
1044721,1044745
1044766,1044784
1044967,1044980
1045000,1045028
1045141,1045160
1045187,1045207
1045224,1045248
1045224,1247162
1045269,1045282
1045305,1045322
1045426,1045442
1045662,1045689
1045708,1045720
1045823,1235152
1046004,1046027
1046043,1046062
1046140,1046164
1046186,1046206
1046268,1046281
1046309,1046321
1046345,1046366
1046425,1046441
1046460,1046487
1046500,1046528
1046544,1046563
1046603,1046626
1046642,1046661
1046846,1046867
1046880,1046908
1046920,1046949
1046965,1046983
1047008,1047020
1047049,1047065
1047083,1047106
1047134,1047147
1047152,1047175
1047217,1047238
1047405,1047422
1047446,1047467
1047446,1047480
1047524,1047548
1047621,1047645
1047666,1047678
1047873,1047894
1047958,1047970
1047958,1047991
1048035,1048057
1048090,1048116
1048267,1048280
1048308,1048320
1048349,1048365
1048383,1048401
1048486,1076372
1048504,1048527
1048589,1048602
1048641,1048660
1048706,1048723
1048813,1048832
1048878,1048897
1049006,1049023
1049109,1049121
1050258,1050270
1050258,1274310
1050340,1050364
1050408,1050420
1050551,1050579
1050859,1050871
1050859,1193107
1050941,1050960
1050941,1050987
1051051,1051079
1051131,1051154
1051392,1051411
1051741,1051760
1051804,1051827
1051858,1051862
1051929,1051940
1051986,1052003
1052298,1052312
1053012,1053031
1053229,1053240
1053319,1053335
1053319,1053357
1053319,1053374
1053414,1053433
1053569,1053582
1053678,1053697
1053737,1053759
1053792,1053818
1053991,1054018
1054087,1054104
1054170,1054191
1054266,1054284
1054353,1054376
1054444,1054463
1054503,1054526
1054561,1054588
1054629,1054640
1054883,1054906
1055174,1055190
1055212,1055231
1055254,1055277
1055296,1055310
1055334,1055352
1055375,1055399
1055415,1055436
1055458,1055470
1055458,1079931
1055491,1055518
1055491,1092458
1055539,1055556
1055560,1055573
1055560,1187895
1055587,1055600
1055587,1187905
1055628,1055644
1055663,1055685
1055663,1187922
1055709,1055721
1055709,1181834
1055750,1055766
1055778,1055784
1055797,1055811
1055830,1055853
1055876,1055895
1055914,1055933
1055951,1055979
1055998,1056016
1056028,1056037
1056059,1056071
1056092,1056118
1056139,1056156
1056173,1056194
1056173,1211320
1056211,1056230
1056211,1211349
1056253,1056276
1056253,1211365
1056295,1056314
1056333,1056351
1056379,1056398
1056419,1056435
1056457,1056474
1056490,1056517
1056538,1056555
1056572,1056593
1056615,1056636
1056658,1056670
1056691,1056712
1056731,1056754
1056777,1056796
1056810,1056834
1056852,1056875
1056899,1056913
1056932,1056950
1056978,1056997
1057013,1057032
1057050,1057078
1057097,1057111
1057130,1057153
1057176,1057195
1057218,1057239
1057256,1057273
1057294,1057315
1057336,1057358
1057362,1057370
1057391,1057410
1057434,1057452
1057475,1057499
1057508,1057512
1057531,1057554
1057531,1162031
1057577,1057596
1057605,1057622
1057646,1057667
1057680,1057701
1057729,1057740
1057764,1057786
1057803,1057826
1057842,1057861
1057900,1057928
1057944,1057963
1057985,1058004
1058015,1058036
1058058,1058070
1058091,1058117
1058138,1058155
1058172,1058193
1058210,1058234
1058252,1058275
1058313,1058332
1058350,1058378
1058397,1058418
1058439,1058456
1058473,1058494
1058516,1058537
1058544,1058559
1058563,1058571
1058592,1058619
1058626,1058635
1058657,1058674
1058690,1058711
1058730,1058753
1058776,1058795
1058814,1058833
1058851,1058879
1058898,1058912
1058931,1058954
1058977,1058996
1059011,1059030
1059053,1059076
1059095,1059114
1059133,1059151
1059179,1059198
1059216,1059237
1059259,1059271
1059292,1059318
1059339,1059356
1059373,1059394
1059413,1059432
1059450,1059478
1059497,1059510
1059534,1059552
1059534,1224455
1059575,1059599
1059612,1059631
1059654,1059677
1059696,1059715
1059736,1059758
1059770,1059791
1059801,1059817
1059829,1059838
1059840,1059855
1059872,1059893
1059919,1059935
1059957,1059974
1059990,1060018
1060039,1060056
1060060,1060073
1060087,1060094
1060115,1060136
1060143,1060158
1060170,1060191
1060213,1060232
1060250,1060278
1060250,1213913
1060297,1060311
1060330,1060353
1060376,1060395
1060416,1060437
1060459,1060471
1060492,1060519
1060535,1060557
1060590,1060617
1060638,1060655
1060672,1060693
1060714,1060733
1060751,1060779
1060798,1060812
1060831,1060854
1060877,1060896
1060910,1060934
1060952,1060975
1060999,1061019
1061026,1061035
1061057,1061074
1061090,1061116
1061137,1061159
1061171,1061192
1061214,1061233
1061246,1061267
1061246,1229065
1061279,1061280
1061279,1229077
1061298,1061308
1061312,1061320
1061349,1061365
1061383,1061401
1061429,1061440
1061464,1061486
1061504,1061527
1061543,1061562
1061602,1061625
1061641,1061660
1061687,1061706
1061723,1061747
1061768,1061781
1061809,1061821
1061845,1061866
1061884,1061907
1061924,1061948
1061969,1061982
1061969,1215007
1062005,1062022
1062046,1062067
1062080,1062108
1062120,1062149
1062183,1062203
1062226,1062242
1062261,1062288
1062300,1062328
1062363,1062385
1062407,1062424
1062448,1062469
1062482,1062509
1062521,1062545
1062566,1062584
1062606,1062623
1062647,1062668
1062681,1062702
1062725,1062741
1062760,1062787
1062804,1062827
1062843,1062862
1062889,1062901
1062929,1062940
1062964,1062986
1063000,1063028
1063044,1063063
1063085,1063102
1063085,1316578
1063125,1063141
1063160,1063187
1063207,1063224
1063248,1063269
1063282,1063305
1063282,1193182
1063322,1063346
1063322,1249753
1063367,1063380
1063367,1216335
1063403,1063426
1063442,1063461
1063488,1063501
1063529,1063540
1063564,1063586
1063604,1063627
1063643,1063662
1063689,1063708
1063720,1063749
1063765,1063783
1063806,1063823
1063847,1063868
1063881,1063909
1063921,1063945
1063966,1063984
1064006,1064023
1064047,1064068
1064081,1064109
1064121,1064145
1064166,1064184
1064204,1064227
1064243,1064262
1064289,1064301
1064329,1064340
1064364,1064386
1064364,1216771
1064393,1064408
1064420,1064449
1064465,1064483
1064505,1064522
1064533,1064546
1064567,1064580
1064648,1064669
1064682,1064703
1064726,1064742
1064757,1064761
1064788,1064800
1064828,1064844
1064859,1064863
1064885,1064902
1064925,1064941
1064960,1064987
1065007,1065024
1065048,1065069
1065082,1065105
1065122,1065146
1065167,1065180
1065200,1065228
1065244,1065263
1065285,1065302
1065318,1065325
1065341,1065360
1065387,1065409
1065421,1065445
1065466,1065484
1065506,1065523
1065547,1065568
1065581,1065608
1065620,1065649
1065683,1065704
1065727,1065743
1065762,1065789
1065801,1065829
1065840,1065864
1065886,1065903
1065926,1065942
1065961,1065988
1066008,1066020
1066049,1066065
1066077,1066083
1066096,1066110
1066134,1066152
1066175,1066199
1066175,1311173
1066217,1066238
1066217,1311194
1066255,1066272
1066286,1066293
1066319,1066335
1066357,1066374
1066390,1066414
1066422,1066433
1066451,1066479
1066511,1066530
1066553,1066576
1066595,1066613
1066697,1066716
1066697,1066737
1066759,1066771
1066792,1066818
1066839,1066856
1066873,1066894
1066873,1224948
1066915,1066936
1066958,1066970
1066991,1067015
1066991,1215105
1067036,1067058
1067070,1067091
1067117,1067138
1067155,1067172
1067193,1067210
1067234,1067252
1067268,1067281
1067309,1067321
1067345,1067366
1067402,1067425
1067441,1067460
1067487,1067500
1067528,1067544
1067563,1067585
1067603,1067626
1067642,1067661
1067688,1067707
1067724,1067748
1067769,1067782
1067805,1067822
1067846,1067867
1067880,1067908
1067920,1067949
1067965,1067983
1068009,1068021
1068045,1068066
1068084,1068107
1068084,1214215
1068084,1214227
1068084,1225073
1068124,1068148
1068124,1214197
1068124,1214204
1068124,1225056
1068169,1068182
1068202,1068225
1068241,1068260
1068287,1068304
1068327,1068343
1068362,1068389
1068406,1068423
1068447,1068468
1068481,1068508
1068520,1068549
1068554,1068577
1068583,1068605
1068622,1068646
1068667,1068680
1068701,1068729
1068740,1068764
1068772,1068786
1068793,1068803
1068826,1068842
1068861,1068888
1068900,1068928
1068985,1069001
1069029,1069040
1069064,1069086
1069103,1069126
1069135,1069142
1069161,1069188
1069208,1069220
1069231,1069249
1069265,1069283
1069306,1069323
1069347,1069368
1069381,1069404
1069427,1069443
1069458,1069462
1069489,1069502
1069525,1069541
1069560,1069587
1069600,1069628
1069644,1069663
1069685,1069709
1069721,1069745
1069766,1069784
1069807,1069824
1069848,1069869
1069882,1069905
1069922,1069946
1069967,1069980
1070000,1070028
1070037,1070044
1070063,1070085
1070102,1070125
1070141,1070160
1070187,1070207
1070224,1070248
1070269,1070282
1070305,1070322
1070346,1070367
1070380,1070403
1070380,1228419
1070426,1070442
1070426,1239934
1070457,1070461
1070474,1070488
1070501,1070529
1070501,1197219
1070540,1070564
1070586,1070604
1070627,1070643
1070662,1070689
1070708,1070720
1070708,1086677
1070749,1070765
1070783,1070806
1070823,1070847
1070852,1070875
1070899,1070913
1070921,1070932
1070950,1070978
1070997,1071017
1071038,1071055
1071064,1071086
1071093,1071103
1071126,1071142
1071161,1087171
1071188,1071208
1071212,1071220
1071249,1071265
1071283,1071306
1071323,1071347
1071404,1071427
1071443,1071462
1071489,1071502
1071525,1071541
1071560,1071587
1071600,1071628
1071644,1071663
1071685,1071709
1071721,1071745
1071766,1071784
1071807,1071824
1071848,1071869
1071882,1071905
1071922,1071946
1071967,1071980
1072008,1072020
1072049,1072065
1072083,1072106
1072123,1072147
1072201,1072229
1072240,1072264
1072286,1072303
1072326,1072342
1072361,1072388
1072405,1072422
1072446,1072467
1072480,1072507
1072524,1072548
1072569,1072582
1072609,1072621
1072645,1072666
1072684,1072700
1072728,1072744
1072763,1072785
1072802,1072825
1072839,1072841
1072839,1216319
1072860,1072887
1072904,1072927
1072943,1072962
1072989,1073003
1073026,1073042
1073061,1073088
1073100,1073128
1073144,1073163
1073185,1073205
1073222,1073246
1073267,1073280
1073308,1073320
1073349,1073365
1073383,1073401
1073429,1073440
1073455,1073464
1073486,1073504
1073527,1073543
1073558,1073562
1073589,1073602
1073625,1073641
1073660,1073687
1073706,1073723
1073747,1073768
1073781,1073809
1073821,1073845
1073866,1073884
1073907,1073924
1073948,1073969
1073982,1074009
1074021,1074045
1074066,1074084
1074107,1074124
1074148,1074169
1074182,1074202
1074225,1074241
1074260,1074287
1074304,1074327
1074343,1074362
1074406,1074423
1074447,1074468
1074481,1074508
1074520,1074549
1074565,1074583
1074605,1074622
1074667,1074680
1074701,1074729
1074740,1074764
1074786,1074803
1074826,1074842
1074861,1074888
1074890,1074900
1074928,1074944
1074963,1074985
1075005,1075022
1075046,1075067
1075080,1075108
1075120,1075149
1075165,1075183
1075203,1075226
1075242,1075261
1075300,1075328
1075344,1075363
1075385,1075407
1075430,1075453
1075476,1075495
1075532,1075550
1075578,1075597
1075610,1075634
1075652,1075675
1075699,1075718
1075739,1075756
1075794,1075815
1075858,1075870
1075858,1213689
1075891,1075917
1075972,1075993
1076034,1076052
1076075,1076099
1076197,1076215
1076236,1076258
1076270,1076291
1076317,1076338
1076431,1076454
1076514,1076533
1076551,1076579
1076611,1076630
1076653,1076676
1076695,1076719
1076735,1076757
1076790,1076816
1076859,1076871
1076859,1076892
1076918,1076939
1076956,1076973
1076994,1077018
1077056,1077073
1077056,1218148
1077056,1227623
1077094,1077115
1077094,1218169
1077094,1227647
1077136,1077158
1077170,1077191
1077213,1077232
1077245,1077250
1077278,1077297
1077307,1077324
1077348,1077369
1077382,1077400
1077471,1077485
1077503,1077526
1077542,1077561
1077588,1077601
1077629,1077640
1077705,1077722
1077746,1077767
1077780,1077808
1077820,1077849
1077865,1077883
1077906,1077923
1077968,1077981
1078007,1078024
1078048,1078069
1078082,1078105
1078122,1078146
1078167,1078180
1078200,1078228
1078244,1078263
1078285,1078302
1078325,1078341
1078445,1078466
1078547,1078568
1078608,1078620
1078649,1078665
1078683,1078704
1078727,1078743
1078762,1078789
1078801,1078829
1078840,1078864
1078872,1078886
1078903,1078926
1078961,1078988
1079004,1079027
1079062,1079089
1079101,1079129
1079140,1079164
1079140,1079186
1079223,1079247
1079268,1079281
1079268,1216792
1079309,1079321
1079384,1079402
1079425,1079441
1079456,1079460
1079487,1079500
1079528,1079544
1079563,1079585
1079603,1079626
1079635,1079642
1079661,1079688
1079690,1079711
1079730,1079753
1079769,1079782
1079805,1079822
1079846,1079867
1079879,1079898
1079908,1079912
1079977,1079996
1080001,1080017
1080038,1080055
1080072,1080093
1080119,1080135
1080220,1080249
1080265,1080283
1080306,1080323
1080334,1080347
1080368,1080381
1080404,1080427
1080436,1080443
1080462,1080489
1080502,1080525
1080539,1080541
1080560,1080587
1080600,1080628
1080644,1110431
1080685,1080709
1080721,1080745
1080797,1080811
1080824,1080830
1080853,1080876
1080895,1080914
1080933,1080951
1080979,1080998
1081018,1081039
1081073,1081094
1081115,1081136
1081143,1081158
1081162,1081170
1081191,1081213
1081232,1081250
1081266,1081284
1081297,1081311
1081324,1081330
1081348,1081369
1081376,1081382
1081400,1081428
1081444,1081463
1081485,1081503
1081526,1081542
1081561,1081588
1081601,1081629
1081640,1081664
1081686,1081705
1081722,1081746
1081767,1081780
1081798,1081808
1081812,1081820
1081831,1081849
1081854,1081865
1081883,1081906
1081923,1081947
1081952,1081975
1081999,1082013
1082021,1082032
1082045,1082050
1082066,1082078
1082084,1082097
1082111,1082130
1082153,1082176
1082195,1082218
1082239,1228230
1082256,1082273
1082294,1082315
1082336,1082358
1082370,1082391
1082410,1082434
1082452,1082475
1082512,1082531
1082554,1082577
1082596,1082614
1082633,1082651
1082679,1082698
1082717,1082738
1082755,1082772
1082793,1082819
1082835,1082857
1082861,1082888
1082900,1082928
1082963,1082985
1083004,1083027
1083043,1083062
1083089,1083101
1083117,1083129
1083140,1083164
1083186,1083206
1083223,1083247
1083252,1083268
1083281,1083309
1083321,1083345
1083366,1083384
1083397,1083402
1083425,1083441
1083460,1083487
1083500,1083528
1083544,1083563
1083585,1083603
1083619,1083626
1083642,1083661
1083688,1083707
1083711,1083730
1083748,1083769
1083782,1083805
1083814,1083833
1083879,1083898
1083912,1083931
1083954,1083977
1083996,1084014
1084022,1084033
1084051,1084079
1084098,1084112
1084120,1084131
1084149,1084154
1084165,1084177
1084196,1084219
1084226,1084242
1084257,1084274
1084288,1084290
1084300,1084328
1084344,1084363
1084385,1084407
1084411,1084430
1084448,1084469
1084482,1084509
1084521,1084545
1084578,1084584
1084597,1084606
1084647,1084668
1084675,1084681
1084702,1084725
1084741,1084760
1084787,1084804
1084827,1084843
1084938,1084940
1084964,1084986
1085023,1085047
1085068,1085081
1085109,1085121
1085145,1085150
1085166,1085178
1085184,1085197
1085215,1085236
1085215,1085258
1085270,1085291
1085317,1085338
1085355,1085372
1085393,1085412
1085431,1085454
1085514,1085533
1085551,1085567
1085579,1085580
1085607,1085624
1085648,1085669
1085682,1085703
1085726,1085742
1085761,1085788
1085800,1085828
1085844,1085863
1085885,1085902
1085925,1085941
1085960,1085987
1086024,1086048
1086069,1086082
1086105,1086122
1086146,1086167
1086180,1086200
1086228,1086244
1086263,1086285
1086302,1086325
1086341,1086356
1086373,1086394
1086413,1086432
1086450,1086478
1086497,1086510
1086523,1086547
1086552,1086575
1086599,1086612
1086631,1086654
1086696,1086715
1086727,1086743
1086758,1086762
1086770,1086789
1086801,1086829
1086840,1086864
1086886,1086903
1086926,1086942
1086961,1086988
1087003,1087026
1087042,1087061
1087074,1087090
1087116,1087137
1087192,1087214
1087312,1087331
1087354,1087377
1087396,1087417
1087438,1087455
1087472,1087493
1087504,1087515
1087536,1087558
1087570,1087591
1087602,1087618
1087639,1087656
1087673,1247588
1087694,1087710
1087734,1087752
1087775,1087799
1087775,1224472
1087813,1087832
1087850,1087878
1087884,1087897
1087911,1087930
1088199,1088217
1088238,1088255
1088272,1088293
1088319,1088335
1088357,1088374
1088390,1088414
1088433,1088451
1088479,1088498
1088511,1088530
1088548,1088553
1088569,1088576
1088582,1088595
1088613,1088632
1088645,1088650
1088666,1088684
1088697,1088716
1088737,1088759
1088771,1088792
1088818,1088839
1088856,1088873
1088894,1088915
1088936,1088958
1088970,1088991
1089016,1089037
1089059,1089071
1089092,1089118
1089173,1089194
1089211,1089230
1089276,1089295
1089314,1089333
1089351,1089379
1089380,1089403
1089419,1089435
1089442,1089457
1089474,1089490
1089517,1089538
1089555,1089572
1089636,1089658
1089670,1089691
1089712,1089731
1089754,1089777
1089796,1089810
1089834,1089852
1089875,1089899
1089913,1089932
1089950,1089978
1089997,1090013
1090032,1090050
1090078,1090097
1090107,1090111
1090124,1090130
1090148,1090153
1090176,1090195
1090218,1090239
1090241,1090260
1090287,1090304
1090327,1090343
1090362,1090389
1090406,1090423
1090481,1090508
1090565,1090583
1090605,1090622
1090646,1090667
1090701,1090729
1090740,1090764
1090740,1090786
1090803,1090826
1090861,1090888
1090890,1090900
1090928,1090944
1090985,1091008
1091020,1091049
1091106,1091123
1091147,1107252
1091152,1091175
1091217,1091238
1091240,1091264
1091286,1091303
1091286,1091326
1091335,1091342
1092415,1092436
1092462,1092489
1092502,1092525
1092541,1092560
1092587,1092600
1092628,1092644
1092659,1092663
1092671,1092685
1092709,1092721
1092732,1092745
1092766,1092784
1092797,1092807
1092882,1092905
1092922,1092946
1092980,1093006
1093023,1093047
1093068,1093081
1093121,1093145
1093166,1093184
1093215,1093236
1093258,1169690
1093270,1093291
1093338,1093355
1093372,1093393
1093412,1093431
1093454,1093477
1093496,1093514
1093533,1093551
1093579,1093598
1093611,1093630
1093653,1093676
1093682,1093695
1093703,1093719
1093703,1154538
1093735,1093757
1093761,1093774
1093788,1093790
1093816,1093837
1093859,1093871
1093892,1093918
1093939,1093956
1093973,1093994
1094016,1094037
1094059,1094071
1094092,1094118
1094125,1094141
1094156,1094173
1094187,1094194
1094211,1094230
1094253,1094276
1094295,1094314
1094333,1094351
1094379,1094398
1094419,1094435
1094457,1094474
1094490,1094517
1094529,1094540
1094564,1094586
1094604,1094627
1094643,1094662
1094689,1094708
1094720,1094749
1094754,1094765
1094823,1094847
1094868,1094881
1094909,1094921
1094932,1094945
1094950,1094966
1094984,1095004
1095027,1095043
1095062,1095089
1095101,1095129
1095140,1095164
1095172,1095186
1095206,1095223
1095247,1095268
1095309,1095321
1095345,1095366
1095384,1095402
1095425,1095441
1095487,1095500
1095516,1095528
1095544,1095563
1095603,1095626
1095642,1095661
1095688,1095707
1095730,1095748
1095769,1095782
1095814,1095822
1095846,1095867
1095880,1095908
1095912,1095931
1095949,1095954
1095983,1096003
1096026,1096042
1096061,1096088
1096090,1096116
1096128,1096137
1096205,1096222
1096233,1096246
1096251,1096267
1096279,1096280
1096308,1096320
1096349,1096365
1096383,1096401
1096429,1096440
1096527,1096543
1096602,1096625
1096641,1096660
1096687,1096706
1096723,1096747
1096768,1096781
1096809,1096821
1096845,1096866
1096884,1096907
1096924,1096948
1096969,1096982
1096995,1097007
1097011,1097024
1097030,1097048
1097069,1097082
1097095,1097114
1097133,1097151
1097179,1097198
1097216,1097237
1097244,1097263
1097271,1097285
1097302,1097325
1097341,1097360
1097387,1097409
1099955,1099964
1099993,1100002
1100158,1100170
1100284,1100307
1100395,1100416
1100503,1100519
1100557,1100574
1100640,1100655
1100746,1100767
1101298,1101312
1101383,1101401
1101472,1101486
1101602,1101625
1102290,1102316
1102371,1102392
1102424,1102448
1102476,1102482
1104449,1104465
1104505,1104522
1104567,1104580
1104624,1104648
1104788,1104800
1104902,1104918
1104941,1104956
1104994,1105011
1105048,1105053
1105082,1105095
1105180,1105200
1105608,1105620
1105683,1105696
1105727,1105736
1105762,1105770
1106422,1106446
1106595,1106613
1106802,1106825
1106802,1106841
1106873,1106887
1106915,1106936
1106962,1106989
1107027,1107043
1107268,1107275
1107281,1107299
1107309,1107313
1107378,1107397
1107402,1107425
1107441,1107460
1107473,1107487
1107500,1107528
1107544,1107563
1107571,1107592
1107603,1107619
1107635,1107657
1107661,1107674
1107690,1107711
1107730,1107753
1107776,1107795
1107846,1107851
1107867,1107879
1107880,1107898
1107880,1230042
1107908,1107912
1107920,1107931
1107954,1107977
1107983,1107996
1108009,1108013
1108050,1108078
1108111,1108130
1108153,1108176
1108182,1108195
1108239,1108256
1108273,1108294
1108315,1108336
1108358,1108370
1108389,1108391
1108406,1108410
1108434,1108452
1108468,1108475
1108499,1108512
1108499,1212300
1108520,1108531
1108549,1108554
1108565,1108583
1108605,1108622
1108633,1108646
1108651,1108667
1108679,1108680
1108793,1108803
1108819,1108826
1108835,1108842
1108857,1108874
1108890,1108916
1108928,1108937
1108944,1108959
1108963,1108971
1108985,1109001
1109040,1109064
1109086,1109103
1109157,1109174
1109188,1109208
1109188,1224312
1109220,1109249
1109265,1109283
1109306,1109323
1109352,1109368
1109399,1109415
1109436,1109458
1109489,1109502
1109518,1109525
1109541,1109560
1109600,1109628
1109644,1109663
1109721,1109745
1109766,1109784
1109807,1109824
1109830,1109848
1109876,1109895
1109914,1109933
1109979,1109998
1110006,1110010
1110075,1110099
1110454,1110477
1110496,1110514
1110522,1110546
1110567,1110580
1110607,1110624
1110648,1110669
1110676,1110682
1110703,1110726
1111257,1111274
1111300,1111316
1111359,1111371
1111495,1111513
1111668,1111681
1111760,1111787
1111870,1111891
1111870,1111917
1111986,1112003
1111986,1112026
1112057,1112061
1112280,1112298
1112570,1112591
1113012,1113031
1113106,1113123
1113199,1113217
1113361,1113388
1113446,1113467
1113582,1113609
1113728,1113744
1113818,1113839
1113860,1113873
1114018,1114039
1114127,1114143
1114353,1114369
1114655,1114672
1115254,1115277
1115347,1115352
1115778,1115797
1116102,1116125
1116207,1116224
1117169,1117182
1117241,1117260
1117294,1117304
1117336,1117343
1117452,1117475
1117508,1117512
1117554,1117577
1117614,1117633
1117679,1117698
1117874,1117890
1118101,1118117
1118140,1118155
1118299,1118309
1118345,1118366
1118494,1118516
1118563,1118585
1118563,1118603
1119302,1119318
1119341,1119356
1119387,1119394
1119534,1119547
1119612,1119631
1120265,1120277
1120368,1120381
1120811,1120830
1120876,1120895
1120922,1120933
1120922,1211656
1120967,1120980
1121025,1121041
1121189,1121191
1122066,1122084
1122124,1122148
1122358,1122362
1122468,1122475
1122512,1122531
1122565,1122577
1122605,1122622
1123015,1123027
1123058,1123062
1123091,1123101
1123332,1123350
1123425,1123439
1123460,1123487
1123528,1123544
1123571,1123585
1123619,1123635
1123619,1123642
1123724,1123748
1123782,1123805
1123846,1123867
1123908,1123920
1123965,1123983
1124521,1124545
1124668,1124675
1124836,1124858
1125034,1125052
1125317,1125338
1125412,1125420
1125757,1125774
1127035,1127057
1127214,1127233
1127280,1127298
1127320,1127331
1127365,1127377
1127493,1127515
1127832,1127850
1127995,1128008
1128106,1128123
1128106,1128147
1128181,1128201
1128181,1128229
1128361,1128374
1128433,1128451
1128553,1128576
1128887,1128894
1129044,1129063
1129092,1129102
1130080,1130108
1130149,1130165
1130196,1130219
1130196,1130226
1130699,1130702
1130699,1130725
1130815,1130836
1130870,1130891
1130972,1130986
1131013,1131021
1131050,1131078
1131130,1131153
1131218,1131239
1131520,1131549
1131583,1131605
1131646,1131667
1131701,1131729
1131764,1131786
1131857,1131874
1132158,1132170
1132158,1132191
1132245,1132266
1132437,1132459
1132617,1132629
1132655,1132664
1132693,1132705
1132877,1132896
1132968,1132975
1132968,1132999
1133030,1133053
1133082,1133095
1133122,1133133
1133237,1133244
1133271,1133285
1133935,1133942
1134017,1134029
1134283,1134306
1134352,1134368
1134399,1134404
1134443,1134458
1134525,1134541
1134573,1134587
1134644,1134659
1134745,1134750
1134848,1134853
1134882,1134895
1134967,1134979
1135000,1135016
1135000,1135028
1135059,1135071
1135102,1135118
1135141,1135156
1135141,1135160
1135207,1135224
1135269,1135282
1135314,1135322
1135351,1135367
1135398,1135403
1135540,1135564
1135899,1135909
1136015,1136027
1136062,1136089
1136129,1136140
1136172,1136193
1136223,1136234
1136275,1136299
1136460,1136473
1136500,1136516
1136635,1136657
1136753,1136769
1136851,1136879
1136965,1136983
1137181,1137201
1137272,1137293
1137361,1137388
1137451,1137479
1137763,1137785
1138003,1138026
1138057,1138061
1138057,1138074
1138233,1138246
1138562,1138570
1138602,1138618
1138673,1138694
1138723,1138747
1138775,1138781
1138813,1138821
1138850,1138878
1138907,1138924
1138982,1139006
1138982,1139023
1139099,1139113
1139204,1139227
1139431,1139454
1139483,1139496
1139522,1139533
1139522,1139546
1139653,1139676
1140168,1140181
1140217,1140229
1140255,1140272
1140303,1140319
1140303,1140326
1140357,1140361
1140390,1140405
1140433,1140446
1140479,1140480
1140511,1140524
1140553,1140576
1140613,1140632
1140666,1140678
1140716,1140728
1140759,1140763
1140792,1140802
1140962,1140989
1141076,1141095
1141167,1141180
1141599,1141612
1141599,1239896
1141683,1141704
1141770,1141791
1141770,1245597
1141864,1141872
1141926,1141935
1141990,1142000
1142194,1142211
1142305,1142314
1142346,1142351
1142380,1142398
1142435,1142457
1142586,1142593
1142627,1142636
1142708,1142720
1142765,1142783
1142810,1142823
1142913,1142932
1143196,1143203
1143242,1143261
1143337,1143344
1143862,1143889
1143929,1143940
1144089,1144091
1144129,1144138
1144164,1144172
1144206,1144210
1144275,1144299
1144332,1144350
1144690,1144707
1144753,1144769
1145019,1145026
1145116,1145137
1145205,1145222
1145331,1145354
1145486,1145493
1145527,1145536
1145884,1145907
1146002,1146025
1146136,1146143
1146170,1146191
1146250,1146278
1146307,1146311
1146348,1146353
1146382,1146395
1146437,1146459
1146485,1146492
1146561,1146588
1147075,1147081
1147258,1147270
1147338,1147355
1147719,1147735
1147719,1210906
1147761,1147774
1147844,1147863
1147902,1147925
1147994,1148001
1148040,1148055
1148086,1148093
1148126,1148135
1148161,1148174
1148208,1148212
1148249,1148254
1148283,1148296
1148334,1148352
1148436,1148443
1148539,1148556
1148594,1148616
1148659,1148671
1148876,1148895
1149391,1149406
1149447,1149452
1149499,1149512
1149577,1149583
1149614,1149622
1149667,1149680
1149755,1149772
1149842,1149861
1149900,1149928
1149959,1149971
1149959,1149992
1150045,1150066
1150045,1150078
1150045,1150084
1150916,1150937
1151054,1151077
1151147,1151168
1151217,1151238
1151272,1151293
1151335,1151357
1151390,1151414
1151446,1151467
1151530,1151548
1151678,1151697
1151771,1151785
1151825,1151841
1151887,1151904
1151958,1151962
1152001,1152017
1152055,1152072
1152103,1152119
1152157,1152161
1152212,1152231
1152277,1152283
1152323,1152334
1152352,1152375
1152404,1152415
1152489,1152502
1152541,1152556
1152594,1152600
1152644,1152659
1152709,1152713
1152807,1152824
1152853,1152869
1152895,1152905
1152933,1152946
1152980,1152998
1153034,1153052
1153109,1153121
1153166,1153178
1153204,1153227
1154720,1154749
1154783,1154806
1154921,1154945
1155089,1155091
1155247,1155268
1155309,1155321
1155397,1155402
1155441,1155456
1155487,1155500
1155707,1155724
1155795,1155814
1155880,1155908
1156128,1156144
1156233,1156251
1156233,1156279
1156455,1156472
1156995,1157007
1157076,1157095
1157360,1157387
1157727,1157743
1157864,1157872
1157919,1157935
1158018,1158025
1158056,1158060
1158104,1158127
1158162,1158189
1158213,1158232
1158266,1158278
1158437,1158444
1158655,1158672
1158714,1158733
1158896,1158906
1158947,1158968
1159046,1159051
1159149,1159165
1159257,1159261
1159337,1159359
1159411,1159430
1159469,1159476
1159509,1159513
1159623,1159647
1159675,1159681
1159725,1159741
1159725,1310977
1159787,1159794
1159836,1159843
1159889,1159891
1159929,1159938
1159964,1159972
1160000,1160016
1160044,1160059
1160187,1160207
1160276,1160295
1160346,1160367
1160398,1160419
1160490,1160517
1160615,1160627
1160662,1160689
1160662,1160708
1160749,1160765
1160749,1160783
1160868,1160881
1160921,1160945
1161017,1161038
1161072,1161093
1161135,1161157
1161249,1161265
1161310,1161334
1161443,1161462
1161491,1161502
1161594,1161616
1161709,1161721
1161797,1161811
1161914,1161933
1162065,1162077
1162110,1162123
1162168,1162175
1162217,1162229
1162264,1162286
1162326,1162342
1162388,1162390
1162433,1162451
1162480,1162498
1162524,1162530
1162576,1162582
1162650,1162678
1162700,1162716
1162744,1162759
1162792,1162818
1162894,1162915
1162991,1163019
1163090,1163116
1163205,1163222
1163298,1163312
1163558,1163570
1163602,1163625
1163660,1163687
1163710,1163723
1163752,1163768
1163799,1163809
1163845,1163866
1163976,1163982
1164013,1164021
1164130,1164153
1164182,1164195
1164241,1164260
1164304,1164327
1164362,1164389
1164549,1164565
1164729,1164740
1164772,1164793
1164888,1164900
1164937,1164944
1164971,1164985
1165108,1165120
1165196,1165219
1165242,1165257
1165363,1165385
1165411,1165430
1165469,1165476
1165513,1165532
1165566,1165584
1165647,1165668
1165718,1165739
1165929,1165940
1165986,1166006
1166010,1166023
1166052,1166068
1166099,1166109
1166215,1166236
1166270,1166291
1166329,1166338
1166372,1166393
1166483,1166505
1166579,1166598
1166630,1166653
1166742,1166761
1166844,1166859
1166885,1166892
1166925,1166939
1166960,1166973
1167060,1167087
1167209,1167221
1167284,1167307
1167395,1167416
1167503,1167526
1167617,1167638
1167705,1167722
1167923,1167947
1168011,1168030
1168076,1168082
1168122,1168133
1168179,1168180
1168228,1168244
1168318,1168339
1168409,1168421
1168497,1168510
1168547,1168552
1168649,1168665
1168736,1168758
1168789,1168791
1168817,1168838
1168855,1168872
1168893,1168919
1168935,1168957
1168974,1168988
1168990,1169004
1169015,1169027
1169043,1169062
1169070,1169091
1169101,1169117
1169138,1169155
1169172,1169193
1169210,1169234
1169252,1169275
1169299,1169313
1169332,1169350
1169378,1169397
1169418,1169439
1169456,1169473
1169494,1169516
1169528,1169537
1169544,1169559
1169563,1169571
1169585,1169592
1169619,1169635
1169657,1169674
1169711,1169730
1169822,1169846
1169879,1169880
1169912,1169920
1169965,1169983
1170026,1170042
1170074,1170088
1170116,1170128
1170159,1170163
1170205,1170222
1170438,1170455
1170486,1170493
1170527,1170536
1170562,1170570
1170618,1170639
1170673,1170694
1170673,1247348
1170723,1170734
1170809,1170821
1170850,1170866
1170907,1170924
1170969,1170982
1171027,1171043
1171193,1171206
1171247,1171268
1171309,1171321
1171350,1171366
1171397,1171402
1171441,1171456
1171460,1171487
1171460,1248620
1171500,1171528
1171571,1171592
1171626,1171635
1171661,1171674
1171730,1171748
1171782,1171795
1171833,1171851
1171880,1171898
1171920,1171931
1171977,1171996
1172034,1172052
1172099,1172113
1172197,1172215
1172243,1172262
1172317,1172338
1172364,1172372
1172465,1172483
1172533,1172551
1172580,1172598
1172624,1172630
1172669,1172676
1172790,1172816
1172859,1172863
1172902,1172918
1173072,1173093
1173126,1173142
1173188,1173208
1173296,1173306
1173525,1173539
1173560,1173573
1173600,1173616
1173644,1173659
1173685,1173692
1173830,1173853
1173895,1173914
1173951,1173979
1174011,1174030
1174341,1174360
1174409,1174413
1174450,1174466
1174497,1174506
1174547,1174568
1174608,1174620
1174855,1174872
1174903,1174919
1174942,1174957
1174990,1175012
1175303,1175326
1175361,1175388
1175422,1175446
1175479,1175480
1175569,1175582
1175678,1175697
1175841,1175856
1175904,1175927
1175958,1175962
1176111,1176130
1176169,1176176
1176202,1176218
1176508,1176512
1176890,1176900
1176937,1176944
1177016,1177037
1177071,1177092
1177139,1177156
1177305,1177322
1177398,1177419
1177461,1177488
1177538,1177555
1177627,1177643
1177806,1177823
1177847,1177868
1177950,1177966
1178051,1178079
1178836,1178858
1178889,1178901
1178938,1178940
1179002,1179025
1179136,1179158
1179213,1179232
1179780,1179798
1179854,1179865
1179877,1179883
1180101,1180129
1180164,1180186
1180234,1180252
1180299,1180313
1180350,1180378
1180473,1180487
1180537,1180559
1180592,1180619
1180642,1180657
1180690,1180707
1180805,1180822
1180898,1180912
1180949,1180954
1181118,1181139
1181248,1181269
1181517,1181538
1181572,1181593
1181636,1181658
1181712,1181731
1181749,1181754
1181749,1181765
1181777,1181783
1181806,1181823
1181847,1181852
1181868,1181875
1181881,1181909
1181913,1181921
1181932,1181945
1181950,1181966
1182007,1182024
1182146,1182151
1182200,1182228
1182244,1182259
1182285,1182292
1182302,1182318
1182325,1182339
1182356,1182373
1182387,1044869
1182394,1182409
1182413,1182421
1182432,1182445
1182466,1182484
1182510,1182523
1182552,1182568
1182581,1182608
1182612,1182620
1182677,1182683
1182715,1182727
1182758,1182762
1182770,1182789
1182817,1182829
1182855,1182864
1182893,1182903
1182919,1182926
1183018,1183039
1183056,1183073
1183094,1183115
1183170,1183191
1183221,1183232
1183266,1183278
1183348,1183369
1183416,1183437
1183463,1183471
1183503,1183519
1183535,1183557
1183638,1183655
1183664,1183672
1183780,1183808
1183849,1183865
1183923,1183934
1183947,1183952
1183975,1183999
1184008,1184012
1184020,1184031
1184049,1184054
1184096,1184110
1184134,1184147
1184168,1184181
1184201,1184229
1184238,1184240
1184255,1184264
1184272,1184286
1184293,1184303
1184319,1184326
1184342,1184361
1184342,1184388
1184414,1184433
1184467,1184479
1184498,1184511
1184595,1184613
1184645,1184666
1184700,1184728
1184860,1184873
1184915,1184936
1184958,1184970
1184989,1184991
1185009,1185013
1185032,1185050
1185066,1185078
1185111,1185130
1185176,1185195
1185225,1185239
1185256,1185273
1185315,1185336
1185391,1185410
1185667,1185679
1185764,1185772
1185803,1185826
1185888,1185900
1185916,1185928
1185963,1185985
1186022,1186046
1186067,1186080
1186165,1186183
1186226,1186242
1186261,1044188
1186328,1186344
1186385,1186407
1186448,1186469
1186634,1186652
1186699,1186718
1186741,1186756
1186773,1186787
1186815,1186827
1186858,1186870
1187001,1187029
1187040,1187064
1187103,1187126
1187188,1187208
1187249,1187254
1187296,1187310
1187399,1187404
1187427,1187443
1187502,1187518
1187541,1187556
1187541,1187560
1187616,1187637
1187750,1187778
1187811,1187830
1187869,1187882
1187951,1187967
1188006,1188023
1188047,1188068
1188109,1188113
1188204,1188227
1188372,1188393
1188412,1188431
1188454,1188477
1188496,1188514
1188567,1188579
1188598,1188611
1188648,1188669
1188719,1188735
1188774,1188790
1188816,1188837
1188871,1188892
1188939,1188956
1189088,1189100
1189185,1189205
1189279,1189298
1189349,1189354
1189429,1189440
1189464,1189486
1189527,1189536
1189558,1189562
1189602,1189625
1189710,1189734
1189813,1189832
1189866,1189878
1189907,1189911
1189948,1189969
1190053,1190076
1190167,1190180
1190228,1190244
1190271,1190285
1190373,1190394
1190450,1190466
1190506,1190523
1190568,1190581
1190696,1190704
1190736,1190758
1190789,1190791
1190829,1190838
1190864,1190886
1190957,1190974
1191010,1191034
1191099,1191109
1191132,1191145
1191178,1191184
1191355,1191372
1191412,1191431
1191483,1191505
1191514,1191522
1191533,1191551
1191579,1097988
1191598,1191607
1191676,1191695
1191719,1191735
1191761,1191774
1191800,1191816
1191844,1191863
1191892,1191918
1191956,1191973
1192004,1192015
1192058,1192070
1192101,1192117
1192206,1192223
1192206,1192247
1192206,1192268
1192206,1192281
1192313,1192321
1192366,1192384
1192418,1192425
1192487,1192500
1192537,1192544
1192563,1192585
1192619,1192626
1192657,1192661
1192690,1192707
1192748,1192769
1192776,1192795
1192867,1192880
1192908,1192920
1193078,1193084
1193130,1193148
1193153,1193169
1193225,1193241
1193260,1193287
1193304,1193327
1193410,1193434
1193447,1193452
1193481,1193508
1193520,1193531
1193554,1193565
1193583,1193605
1193622,1193646
1193651,1193667
1193701,1193729
1193819,1193835
1193874,1193890
1193916,1110393
1193937,1193959
1194026,1194042
1194074,1194088
1194100,1099566
1194116,1194137
1194192,1194205
1194214,1194222
1194267,1194279
1194298,1103435
1194365,1194383
1194504,1194527
1194591,1194602
1194641,1194660
1194687,1130005
1194694,1194706
1194734,1194747
1194768,1194781
1194799,1194813
1194832,1194850
1194866,1194878
1194897,1194911
1194930,1194953
1194969,1194976
1194982,1195002
1195018,1195025
1195104,1195127
1195170,1195189
1195213,1195221
1195250,1195266
1195307,1195324
1195307,1195348
1195382,1195400
1195437,1195444
1195485,1195492
1195535,1195557
1195535,1195574
1195588,1195601
1195640,1195664
1195693,1195705
1195779,1195798
1195883,1195906
1195934,1195947
1195952,1195975
1195999,1196017
1196040,1196055
1196086,1196093
1196126,1196135
1196157,1110258
1196174,1097903
1196188,1196190
1196323,1196347
1196436,1196458
1196470,1196491
1196587,1196600
1196659,1196671
1196721,1196745
1196797,1196811
1196876,1196895
1197080,1197108
1197112,1197131
1197149,1197154
1197196,1051359
1197226,1197235
1197257,1197274
1197328,1197344
1197453,1197476
1197545,1197566
1197634,1197652
1197836,1197858
1197870,1197891
1197972,1197986
1198028,1198037
1198071,1198092
1198139,1198156
1198173,1103875
1198194,1198207
1198248,1198269
1198314,1198333
1198379,1198398
1198419,1198435
1198457,1121535
1198474,1121395
1198490,1198501
1198538,1198540
1198564,1198572
1198636,1198658
1198712,1198731
1198754,1198765
1198806,1198823
1198875,1198899
1198921,1198932
1198978,1198997
1199065,1199083
1199110,1199123
1199168,1199181
1199217,1199229
1199264,1199272
1199361,1199388
1199480,1199507
1199609,1199621
1199697,1199716
1199737,1199759
1199785,1199792
1199856,1199873
1199970,1141893
1200006,1200023
1200052,1200075
1200109,1200121
1200197,1200204
1200236,1200258
1200289,1200291
1200329,1200338
1200364,1200372
1200408,1200412
1200449,1200454
1200546,1200567
1200757,1200774
1200844,1200863
1200844,1200885
1200994,1201014
1201046,1201067
1201098,1201108
1201149,1201165
1201226,1201242
1201300,1201328
1201363,1201385
1201424,1201448
1201550,1201578
1201668,1201681
1201794,1201815
1201858,1201870
1201901,1201917
1201955,1201972
1202019,1202035
1202137,1202144
1202185,1202192
1202279,1202298
1202279,1202312
1202383,1202401
1202464,1202486
1202570,1202591
1202625,1202639
1202710,1202734
1202775,1202799
1202866,1202884
1202911,1202924
1202948,1202953
1203054,1203077
1203110,1203134
1203168,1203175
1203240,1203264
1203293,1203303
1203326,1203335
1203361,1203374
1203433,1203451
1203511,1203530
1203645,1203666
1203759,1203771
1203802,1203825
1203802,1203839
1203860,1203887
1203927,1203943
1203962,1203989
1204002,1204025
1204087,1204104
1204143,1204162
1204189,1204209
1204221,1204245
1204250,1204266
1204284,1204307
1204324,1204348
1204369,1204382
1204526,1204535
1204574,1204590
1204779,1204798
1204877,1204896
1204934,1204952
1204934,1282905
1204999,1205017
1204999,1276058
1205040,1205064
1205040,1276036
1205093,1205103
1205404,1205427
1205587,1205560
1205998,1206000
1206028,1206044
1206085,1206102
1206125,1206141
1206160,1206187
1206207,1206224
1206248,1206269
1206282,1206305
1206346,1206367
1206380,1206403
1206426,1044848
1206442,1206461
1206488,1206501
1206517,1206529
1206538,1206540
1206555,1206564
1206593,1206604
1206615,1206627
1206777,1206796
1206875,1206899
1206921,1206932
1207021,1207045
1207111,1207124
1207256,1207260
1207370,1207391
1207434,1207452
1207583,1207605
1207667,1207680
1207861,1207888
1207890,1207900
1208089,1208101
1208309,1208321
1208332,1208345
1208378,1208397
1208494,1208516
1208603,1208626
1208642,1208657
1208688,1208690
1208730,1208753
1208846,1208867
1208880,1208908
1208912,1208920
1208931,1208954
1208977,1208996
1209011,1209030
1209048,1209053
1209082,1209105
1209114,1209122
1209167,1209180
1209510,1209534
1209552,1209575
1209599,1106083
1209612,1209631
1209649,1209654
1209665,1209677
1209683,1209696
1209736,1209758
1209789,1209791
1209817,1098503
1209838,1209855
1209872,1209893
1209919,1209935
1210025,1210041
1210127,1210136
1210209,1210213
1210640,1210655
1210693,1210714
1210812,1210820
1210831,1210849
1210854,1210865
1210877,1210896
1210923,1210947
1210968,1210981
1211003,1211026
1211061,1211074
1211144,1211159
1211171,1211185
1211205,1076132
1211222,1112251
1211298,1211308
1211383,1211401
1211417,1211429
1211438,1211440
1211455,1211472
1211493,1211515
1211558,1211562
1211589,1211602
1211625,1211641
1211747,1211768
1211850,1211878
1211911,1211930
1212014,1212022
1212046,1212067
1212079,1212080
1212098,1212112
1212120,1212131
1212149,1212154
1212226,1212242
1212274,1212288
1212328,1212344
1212363,1212385
1212392,1212407
1212424,1212448
1212453,1212476
1212482,1212495
1212509,1212521
1212532,1212550
1212578,1103852
1212584,1212597
1212610,1212634
1212647,1212668
1212681,1212702
1212718,1110166
1212725,1212739
1212760,1212773
1212804,1212815
1212889,1212891
1212917,1212938
1213028,1213044
1213059,1213071
1213102,1213125
1213139,1213156
1213224,1213248
1213276,1213282
1213305,1213322
1213333,1213346
1213367,1213380
1213403,1213426
1213442,1213461
1213501,1213517
1213529,1213538
1213586,1213593
1213604,1213627
1213708,1103913
1213720,1103899
1213749,1213754
1213777,1213796
1213806,1213810
1213834,1213852
1213881,1213899
1213978,1213997
1214010,1214034
1214047,1214052
1214075,1214099
1214113,1214132
1214150,1214178
1214243,1214262
1214317,1214329
1214338,1214340
1214364,1214386
1214408,1214420
1214431,1214449
1214454,1214477
1214483,1214496
1214505,1214522
1214533,1214546
1214551,1214579
1214580,1214598
1214611,1214630
1214653,1214676
1214695,1214703
1214726,1214742
1214761,1214788
1214800,1214828
1214837,1214844
1214863,1214885
1214925,1214941
1214960,1214987
1215069,1215082
1215114,1215122
1215146,1215167
1215228,1215244
1215228,1215263
1215285,1215302
1215285,1215325
1215356,1215360
1215387,1215409
1215432,1215450
1215478,1215497
1215506,1215510
1215547,1215552
1215575,1215599
1215608,1215612
1215620,1215649
1215677,1215683
1215704,1120644
1215727,1215743
1215762,1215770
1215817,1215838
1215872,1215893
1215903,1215919
1215926,1215935
1215957,1215974
1216008,1216012
1216020,1216049
1216083,1216106
1216123,1216147
1216168,1216175
1216357,1216374
1216390,1216414
1216422,1216433
1216446,1216451
1216467,1216479
1216548,1216553
1216595,1216613
1216632,1216650
1216802,1216818
1216839,1216856
1216860,1216887
1216894,1216915
1216927,1216936
1216958,1216970
1216991,1217015
1217036,1217058
1217070,1217091
1217117,1217138
1217140,1217155
1217172,1217193
1217206,1217210
1217313,1217321
1217345,1217366
1217425,1217441
1217460,1217487
1217500,1217528
1217537,1217559
1217563,1217571
1217585,1217592
1217603,1217626
1217635,1217642
1217688,1217707
1217711,1217724
1217795,1217814
1217833,1217851
1217879,1217898
1217912,1217931
1217949,1217954
1217977,1217996
1218013,1218032
1218202,1218225
1218241,1218260
1218287,1218304
1218327,1218343
1218358,1076496
1218410,1218434
1218468,1218475
1218499,1218508
1218520,1218531
1218554,1218577
1218554,1218596
1218614,1218633
1218651,1218679
1218698,1110372
1218717,1218738
1218755,1076113
1218772,1218786
1218793,1218803
1218819,1218826
1218835,1218842
1218861,1218888
1218985,1218992
1219017,1219029
1219072,1219093
1219126,1219135
1219161,1219174
1219208,1219212
1219249,1219265
1219415,1219427
1219458,1219462
1219491,1219502
1219518,1124634
1219713,1219732
1219807,1219811
1219882,1219895
1219922,1219933
1220024,1220048
1220069,1220082
1220228,1220237
1220360,1220387
1220450,1220478
1220547,1220568
1220599,1220612
1220649,1220654
1220683,1220696
1220727,1220736
1220762,1220770
1220957,1220974
1221355,1221364
1221408,1221412
1221454,1221465
1221533,1221551
1221648,1221669
1221735,1221757
1221788,1221790
1221788,1221816
1221844,1221863
1221844,1221871
1221902,1221925
1221902,1221939
1222155,1222172
1222309,1222313
1222384,1222402
1222473,1222494
1222528,1222537
1222603,1222619
1222707,1222724
1222898,1222912
1222965,1222983
1223078,1223097
1223148,1223169
1223195,1223202
1223239,1223241
1223273,1223294
1223362,1223389
1223410,1223423
1223410,1223434
1223452,1127464
1223468,1223475
1223499,1110184
1223508,1223512
1223554,1223565
1223577,1223596
1223605,1223622
1223679,1223680
1223698,1223701
1223717,1223729
1223755,1223764
1223772,1223786
1223803,1098910
1223826,1223842
1223861,1223888
1223890,1223900
1223916,1223937
1223959,1223971
1223992,1224019
1224035,1224057
1224088,1224090
1224116,1224137
1224159,1048019
1224171,1224192
1224246,1224251
1224298,1107089
1224331,1224354
1224377,1224383
1224401,1224429
1224401,1224440
1224493,1224515
1224527,1224536
1224570,1224591
1224656,1224673
1224775,1224781
1224813,1224821
1224884,1053887
1224907,1224924
1224969,1224982
1225025,1225039
1225094,1092375
1225115,1225136
1225158,1225170
1225209,1225221
1225245,1225266
1225284,1225307
1225324,1225348
1225369,1225382
1225400,1225428
1225444,1225463
1225485,1135689
1225485,1225503
1225526,1225542
1225561,1225588
1225601,1225629
1225640,1225664
1225705,1110236
1225722,1225733
1225767,1225780
1225808,1225820
1225968,1225975
1225999,1226017
1226038,1099290
1226064,1226072
1226161,1226188
1226190,1098416
1226208,1098400
1226212,1226220
1226249,1098382
1226334,1226352
1226375,1226399
1226415,1103037
1226458,1226462
1226489,1102647
1226502,1226525
1226539,1048137
1226560,1226573
1226637,1226659
1226671,1226692
1226721,1226732
1226766,1226778
1226807,1226811
1226824,1226830
1226853,1226876
1226895,1226914
1226933,1226951
1226979,1226998
1227014,1227033
1227051,1227079
1227098,1227112
1227120,1227131
1227149,1227154
1227177,1227196
1227257,1227274
1227316,1227337
1227392,1227411
1227482,1227509
1227513,1227521
1227545,1227566
1227584,1227606
1227668,1092142
1227675,1227681
1227675,1292097
1227702,1227725
1227760,1227787
1227794,1227804
1227827,1227843
1227858,1227862
1227889,1227901
1227917,1227929
1227940,1103966
1227955,1227964
1228000,1228028
1228044,1228063
1228085,1228102
1228139,1228156
1228187,1228194
1228207,1228211
1228248,1228253
1228269,1228276
1228295,1103564
1228305,1228314
1228346,1228351
1228367,1228379
1228380,1228398
1228426,1228435
1228442,1228457
1228474,1099051
1228474,1228490
1228501,1228517
1228529,1228538
1228540,1228555
1228586,1228604
1228627,1099430
1228643,1228662
1228712,1228720
1228754,1228777
1228783,1228796
1228810,1228834
1228852,1228875
1228899,1228913
1228978,1228997
1229008,1229012
1229031,1229054
1229096,1229110
1229123,1229134
1229168,1229175
1229181,1229201
1229217,1229229
1229240,1229255
1229264,1229272
1229293,1229319
1229335,1229357
1229361,1229388
1229405,1229422
1229446,1047915
1229467,1048969
1229479,1229480
1229507,1229511
1229524,1229530
1229553,1229576
1229613,1229632
1229650,1229678
1229684,1229697
1229716,1229737
1229759,1229771
1229785,1229792
1229818,1100923
1229839,1100999
1229856,1229873
1229894,1229915
1229927,1229936
1229958,1229970
1229989,1229991
1230019,1230035
1230057,1103276
1230061,1103253
1230088,1230100
1230222,1230233
1230312,1230331
1230401,1230429
1230493,1230515
1230589,1230602
1230673,1230694
1230768,1230781
1230845,1230866
1230897,1230907
1230930,1230948
1230969,1230982
1230995,1231004
1231058,1231062
1231091,1231117
1231210,1231234
1231275,1231281
1231441,1231456
1231487,1231494
1231528,1231537
1231626,1231635
1231642,1231657
1231690,1231711
1231748,1231769
1231822,1231846
1231880,1231908
1231912,1231920
1231949,1231965
1231996,1232006
1232010,1232023
1232047,1232068
1232075,1232099
1232109,1076393
1232113,1232121
1232132,1232145
1232166,1133631
1232197,1232204
1232301,1232317
1232412,1232431
1232465,1232477
1232505,1232514
1232546,1232551
1232580,1232598
1232682,1232703
1232774,1232790
1232828,1232837
1232863,1232871
1232902,1232918
1232941,1232956
1233064,1233072
1233231,1233254
1233323,1233347
1233375,1233381
1233415,1233427
1233491,1233518
1233587,1233600
1233671,1233692
1233721,1233732
1233750,1233778
1233797,1099584
1233811,1233830
1233853,1127641
1233869,1233876
1233895,1233914
1233922,1233946
1233967,1233980
1234007,1114400
1234024,1234048
1234076,1234082
1234151,1234179
1234228,1234244
1234339,1234356
1234387,1234394
1234466,1234484
1234599,1234612
1234599,1234631
1234665,1234677
1234704,1234715
1234743,1234758
1234789,1234791
1234886,1234903
1234974,1234990
1235020,1235031
1235077,1235096
1235123,1235147
1235238,1235255
1235272,1235286
1235303,1235326
1235335,1235342
1235361,1235388
1235405,1235422
1235433,1078409
1235446,1078387
1235451,1078360
1235498,1235511
1235530,1235548
1235569,1235582
1235609,1235621
1235632,1235645
1235650,1235678
1235684,1235700
1235728,1235737
1235759,1235763
1235771,1235785
1235792,1235802
1235818,1235825
1235856,1235860
1235943,1235962
1235989,1236009
1236021,1236045
1236066,1236084
1236097,1236111
1236124,1236130
1236148,1236153
1236169,1236176
1236195,1236218
1236239,1236256
1236273,1236287
1236304,1236327
1236343,1113684
1236362,1113645
1236389,1050483
1236406,1236423
1236434,1236447
1236512,1236531
1236554,1236577
1236614,1236633
1236698,1236717
1236755,1236772
1236786,1236793
1236835,1236857
1236890,1236900
1236937,1236944
1236937,1247284
1236992,1237016
1237044,1237059
1237141,1237160
1237207,1237211
1237230,1237248
1237253,1237269
1237314,1237322
1237351,1237367
1237379,1237380
1237426,1237442
1237461,1237488
1237501,1237529
1237538,1237540
1237572,1237593
1237604,1237615
1237643,1237658
1237689,1237691
1237806,1237823
1237913,1237921
1238203,1238226
1238261,1238274
1238300,1238316
1238359,1238371
1238407,1238411
1238407,1238424
1238469,1238482
1238545,1238550
1238597,1238610
1238681,1238699
1238725,1238739
1238760,1238773
1238804,1238815
1238843,1238862
1238891,1238917
1238955,1238972
1239025,1239041
1239087,1239094
1239127,1239136
1239162,1239170
1239209,1239213
1239245,1239250
1239284,1239297
1239324,1239348
1239400,1239416
1239459,1239471
1239561,1239588
1239629,1239640
1239686,1239705
1239686,1239722
1239751,1239767
1239751,1239779
1239812,1239831
1239854,1239877
1239906,1239910
1240028,1240044
1240071,1240085
1240156,1240173
1240211,1240230
1240269,1240276
1240314,1240322
1240351,1240367
1240398,1240419
1240442,1240457
1240488,1240490
1240529,1240540
1240783,1240806
1240847,1240868
1240899,1240913
1240921,1240945
1240950,1240966
1240978,1240984
1241001,1241029
1241119,1241135
1241220,1241135
1241220,1241249
1241277,1241283
1241310,1241323
1241347,1241368
1241399,1241415
1241470,1241491
1241573,1241594
1241628,1241637
1241709,1241721
1241766,1241784
1241853,1241876
1241946,1241967
1241998,1242012
1242110,1242134
1242175,1242199
1242264,1242286
1242342,1242357
1242433,1242451
1242479,1098143
1242498,1242511
1242530,1242553
1242582,1242609
1242621,1242645
1242716,1242728
1242744,1242763
1242792,1242802
1242839,1242841
1242887,1242894
1242936,1242943
1243019,1243035
1243128,1243144
1243205,1243214
1243251,1243267
1243298,1243308
1243331,1243349
1243396,1243417
1243464,1243486
1243515,1243527
1243558,1243562
1243591,1243602
1243641,1243660
1243694,1243706
1243775,1243799
1243832,1243850
1243884,1243897
1243930,1243953
1243995,1244013
1244050,1244078
1244107,1244111
1244176,1244182
1244218,1244225
1244315,1244336
1244370,1244389
1244410,1244423
1244452,1244468
1244520,1244531
1244520,1244549
1244554,1244565
1244605,1244614
1244646,1244651
1244698,1244717
1244803,1244826
1244916,1244928
1244959,1244963
1244985,1245005
1245014,1245022
1245112,1245131
1245165,1245177
1245261,1245288
1245359,1245371
1245392,1245411
1245509,1245521
1245623,1245634
1245668,1245675
1245739,1245756
1245815,1245836
1245862,1245889
1245917,1245929
1245938,1091451
1246023,1246047
1246132,1246150
1246227,1246243
1246270,1246291
1246317,1246338
1246355,1246372
1246393,1246412
1246431,1246454
1246477,1142071
1246505,1246514
1246546,1246567
1246607,1246624
1246695,1246719
1246735,1246757
1246790,1246800
1246837,1246844
1246885,1077428
1246994,1247002
1247056,1247073
1247094,1247104
1247115,1247127
1247136,1247143
1247209,1247221
1247250,1247278
1247307,1247324
1247471,1247492
1247519,1247535
1247557,1247561
1247601,1247629
1247640,1247664
1247686,1247705
1247714,1247722
1247733,1247746
1247751,1247767
1247779,1247780
1247808,1247820
1247849,1247865
1247883,1247906
1247923,1247934
1247947,1247952
1247999,1248011
1248048,1248053
1248076,1248095
1248146,1248167
1248180,1248200
1248228,1099235
1248271,1248285
1248325,1248339
1248394,1248413
1248478,1248497
1248552,1248575
1248608,1248612
1248654,1248665
1248696,1248715
1248838,1248840
1248872,1248886
1248919,1248926
1249043,1249062
1249091,1249101
1249140,1132588
1249155,1249164
1249299,1249309
1249313,1249321
1249332,1249345
1249350,1249366
1249378,1249384
1249397,1249402
1249418,1249439
1249473,1249494
1249500,1249516
1249528,1249537
1249559,1249571
1249585,1249603
1249626,1249642
1249661,1249688
1249707,1103230
1249769,1249776
1249805,1249814
1249880,1249908
1249949,1249965
1250027,1250036
1250062,1250070
1250117,1250138
1250223,1250247
1250275,1250281
1250313,1250321
1250350,1250366
1250402,1250425
1250592,1101570
1250626,1250635
1250661,1250674
1250661,1250688
1250711,1250724
1250851,1250879
1250912,1250931
1250977,1250996
1251118,1251139
1251173,1251194
1251457,1251461
1251490,1251501
1251529,1251540
1251564,1251586
1251593,1251604
1251643,1251662
1251691,1251708
1251731,1251749
1251777,1076837
1251806,1251810
1251847,1251868
1251881,1251909
1251932,1251945
1251978,1251984
1252011,1252024
1252053,1252076
1252146,1252167
1252179,1252198
1252228,1252237
1252271,1252292
1252387,1252409
1252478,1252497
1252568,1252581
1252612,1252620
1252654,1252665
1252696,1252704
1252736,1252743
1252770,1252789
1252855,1252872
1252942,1252961
1252990,1253002
1253039,1253041
1253094,1253104
1253127,1253143
1253170,1253189
1253278,1253297
1253311,1253330
1253369,1253382
1253416,1253428
1253459,1253463
1253629,1253638
1253672,1253686
1253722,1253746
1253808,1253820
1253854,1253865
1253896,1253906
1253947,1253968
1254031,1254054
1254147,1254168
1254175,1254181
1254229,1254240
1254319,1254335
1254405,1254422
1254451,1254467
1254498,1254507
1254524,1254548
1254576,1254582
1254613,1254621
1254650,1254666
1254684,1050653
1254700,1050695
1254825,1254841
1254873,1254887
1254927,1254943
1254970,1254989
1255066,1255078
1255107,1255111
1255294,1255304
1255391,1255410
1255481,1255508
1255577,1255596
1255667,1098780
1255701,1255717
1255740,1255755
1255835,1255857
1255888,1255890
1256131,1256149
1256235,1256257
1256328,1256344
1256363,1256385
1256411,1256424
1256448,1256469
1256495,1256509
1256532,1256550
1256584,1256597
1256610,1256623
1256610,1256647
1256794,1256815
1256836,1103783
1256929,1256940
1256972,1256986
1257017,1257029
1257055,1257064
1257093,1257103
1257135,1257142
1257174,1257188
1257212,1257220
1257283,1257306
1257404,1257427
1257462,1257489
1257560,1257587
1257663,1257671
1257784,1257797
1257876,1257882
1257933,1257951
1258047,1258068
1258227,1258243
1258431,1258454
1258682,1258695
1258719,1105817
1258726,1258735
1258761,1258774
1258828,1258837
1258844,1258859
1258892,1258918
1258973,1258987
1259088,1259100
1259417,1259438
1259472,1259486
1259515,1259527
1259747,1259768
1259907,1259924
1259953,1259969
1259976,1259995
1259976,1260008
1260181,1260201
1260293,1260319
1260405,1260422
1260433,1260446
1260467,1260480
1260684,1260697
1260728,1260737
1260763,1260771
1260818,1260839
1261030,1261053
1261146,1261167
1261179,1261180
1261263,1261271
1261356,1261360
1261409,1261413
1261450,1261466
1261620,1261631
1261649,1261654
1261727,1261743
1261838,1261855
1261886,1261893
1261926,1261935
1261990,1262016
1262044,1262059
1262085,1262092
1262125,1262139
1262160,1262173
1262211,1262230
1262419,1262426
1262457,1262461
1262488,1262501
1262604,1262627
1262658,1262662
1262691,1262708
1262806,1262810
1262847,1262852
1262881,1262909
1262966,1262984
1263022,1263033
1263079,1263098
1263120,1263131
1263226,1263242
1263300,1263328
1263344,1263359
1263392,1263411
1263448,1263453
1263482,1263495
1263521,1263532
1263566,1263578
1263610,1263634
1263681,1263702
1263739,1263756
1263787,1263794
1263827,1263836
1263862,1263870
1263901,1263917
1263940,1263955
1263986,1263993
1264089,1264101
1264138,1264155
1264186,1264193
1264247,1264268
1264299,1264309
1264345,1264366
1264397,1264418
1264397,1264425
1264528,1264544
1264528,1264563
1264592,1264603
1264642,1264661
1264707,1264724
1264753,1264769
1264805,1264822
1264867,1264880
1264912,1264931
1264954,1264977
1264996,1265019
1265088,1265100
1265137,1265144
1265214,1265233
1265320,1265349
1265377,1265383
1265417,1265429
1265493,1265515
1265543,1265562
1265543,1265570
1265543,1265591
1266060,1266073
1266060,1266087
1266115,1266127
1266968,1266975
1267023,1267047
1267236,1267243
1267412,1267420
1267454,1267465
1267703,1267726
1267757,1267761
1267892,1267902
1268055,1268072
1268103,1268126
1268157,1268161
1268628,1268637
1268745,1268750
1268766,1268778
1268807,1268811
1268830,1268853
1269153,1269169
1269260,1269273
1269304,1269315
1269343,1269358
1269499,1269508
1269740,1269764
1269985,1269992
1270022,1270033
1270177,1270196
1270274,1270288
1270316,1270328
1270359,1270363
1270681,1270699
1271362,1271434
1271468,1271475
1271468,1271499
1271554,1271565
1271596,1271605
1271633,1271646
1271740,1271755
1271803,1271819
1271835,1271857
1271928,1271944
1271959,1271963
1271971,1271985
1272209,1272221
1272245,1272266
1272353,1272376
1272400,1272416
1272459,1272471
1272492,1272519
1272535,1272557
1272629,1272640
1272714,1272733
1272808,1272820
1272896,1272910
1272981,1273007
1273048,1273069
1273105,1273122
1273198,1273216
1273228,1273237
1273263,1273271
1273285,1273292
1273387,1273409
1273413,1273421
1273450,1273466
1273510,1273534
1273552,1273575
1273599,1273612
1273631,1273654
1273677,1273696
1273704,1273715
1273704,1273727
1273743,1273762
1273801,1273817
1273838,1273855
1273919,1273935
1273957,1273974
1273988,1273990
1274038,1274055
1274072,1274093
1274119,1274135
1274157,1274174
1274212,1274231
1274249,1274265
1274249,1316597
1274375,1110338
1274381,1274404
1274415,1077686
1274443,1274462
1274489,1274491
1274541,1274556
1274587,1274594
1274637,1274659
1274685,1274692
1274713,1110291
1274721,1274732
1274766,1274778
1274811,1274830
1274853,1274876
1274914,1274933
1274967,1274979
1274998,1275000
1275037,1275044
1275059,1275063
1275102,1275125
1275187,1275207
1275305,1275322
1275367,1275380
1275419,1308072
1275490,1275517
1275538,1275555
1275572,1275586
1275604,1275627
1275691,1275712
1275765,1275783
1275847,1275868
1275875,1275881
1275909,1275921
1275950,1275966
1275997,1276015
1276070,1105409
1276091,1276117
1276140,1276155
1276164,1276172
1276193,1276206
1276268,1276281
1276309,1276321
1276332,1276345
1276350,1276366
1276487,1276494
1276563,1276585
1276603,1276626
1276657,1276661
1276688,1276707
1276730,1276748
1276776,1276795
1276851,1276879
1276908,1276912
1276908,1276920
1276954,1276965
1277031,1277054
1277083,1277096
1277083,1277106
1277147,1277168
1277199,1277201
1277238,1277240
1277286,1277303
1277319,1277326
1277357,1277361
1277433,1277451
1277511,1277530
1277569,1277576
1277609,1277613
1277684,1277700
1277716,1277728
1277763,1277785
1277825,1277841
1277873,1277887
1277962,1277989
1278003,1278019
1278042,1278057
1278144,1278163
1278233,1278251
1278298,1278312
1278349,1278354
1278383,1278396
1278455,1278472
1278527,1278543
1278639,1278656
1278706,1278723
1278768,1278781
1278924,1278948
1279204,1279227
1279258,1279262
1279301,1279329
1279355,1279364
1279408,1279420
1279454,1279465
1279551,1279579
1279611,1279630
1279676,1279695
1279788,1279800
1279788,1279885
1279788,1279918
1279788,1279939
1279788,1280013
1279788,1280021
1279788,1280032
1279788,1280045
1279788,1280050
1279788,1280066
1279788,1280078
1279788,1280148
1279788,1280153
1279788,1280169
1279788,1280176
1279788,1280182
1279788,1280195
1279788,1280260
1279788,1280273
1279788,1280287
1279788,1280294
1279788,1280304
1279788,1280315
1279788,1281507
1279788,1281511
1279788,1281524
1279788,1281530
1279788,1281548
1279788,1281553
1279788,1281569
1279788,1281576
1279788,1281582
1279788,1281595
1279788,1281609
1279788,1281613
1279788,1281621
1279788,1281632
1279788,1281645
1279844,1279863
1279844,1279918
1279844,1279939
1279844,1280148
1279844,1280153
1279844,1280169
1279844,1280176
1279844,1280182
1279844,1280195
1279844,1280260
1279844,1280273
1279844,1280287
1279844,1280294
1279844,1280304
1279844,1280315
1279844,1281507
1279844,1281511
1279844,1281524
1279844,1281530
1279844,1281548
1279844,1281553
1279844,1281569
1279844,1281576
1279844,1281582
1279844,1281595
1280343,1280358
1280389,1280391
1280423,1280434
1280475,1280499
1280531,1280549
1280583,1280605
1280679,1280698
1280729,1280738
1280764,1280772
1280803,1280826
1280861,1280888
1280916,1280928
1281008,1281020
1281201,1281229
1281264,1281286
1281737,1281759
1281856,1281860
1281856,1281873
1281943,1281962
1282055,1282072
1282135,1282157
1282190,1282208
1282231,1282249
1282334,1282352
1282399,1282415
1282470,1282491
1282539,1282556
1282573,1282594
1282644,1282663
1282685,1282709
1282721,1282745
1282784,1282807
1282869,1282882
1282967,1282979
1283006,1283010
1283075,1283081
1283113,1283121
1283270,1283291
1283355,1283372
1283431,1283454
1283580,1283607
1283695,1283719
1283859,1283871
1283902,1283918
1283941,1283956
1284000,1284028
1284194,1121158
1284224,1284230
1284276,1284295
1284322,1284333
1284322,1284346
1284403,1284426
1284457,1284474
1284490,1284501
1284564,1284586
1284615,1284627
1284689,1284708
1284731,1284749
1284777,1284783
1284823,1284847
1284875,1284899
1284921,1284932
1284950,1284978
1284997,1285015
1285058,1285070
1285172,1285193
1285321,1285345
1285439,1285456
1285537,1285544
1285571,1285585
1285661,1285674
1285748,1285769
1285833,1285851
1285949,1285965
1285996,1286003
1286074,1286090
1286185,1286205
1286383,1286401
1286558,1286570
1286602,1286618
1286625,1286639
1286723,1286734
1286821,1286845
1286884,1286907
1286982,1286995
1287024,1287030
1287105,1287122
1287200,1287228
1287244,1107155
1287244,1287263
1287292,1287302
1287339,1287341
1287432,1287450
1287497,1287506
1287534,1287547
1287575,1287581
1287677,1287696
1287736,1287743
1287791,1287801
1287838,1287840
1287838,1287864
1287903,1287926
1287903,1287942
1287957,1287961
1287990,1288002
1287990,1288025
1288060,1288087
1288115,1288136
1288189,1288209
1288278,1288297
1288353,1288376
1288437,1288444
1288471,1288485
1288519,1288526
1288557,1288561
1288590,1288617
1288686,1288705
1288733,1288746
1288779,1288780
1288812,1288831
1288865,1288877
1288934,1288952
1288999,1289014
1289098,1289108
1289149,1289165
1289196,1289203
1289226,1289242
1289274,1289288
1289328,1289344
1289328,1289634
1289371,1289392
1289424,1289430
1289482,1289509
1289532,1289545
1289532,1289647
1289597,1289610
1289718,1289739
1289756,1289760
1289858,1289870
1289929,1289940
1290038,1290055
1290072,1290093
1290119,1290135
1290174,1290188
1290190,1290212
1290265,1290283
1290310,1290323
1290415,1290436
1290470,1290491
1290539,1290556
1290587,1290600
1290637,1290644
1290685,1290709
1290745,1290766
1290797,1290807
1290830,1290848
1290876,1290895
1290922,1290946
1290979,1290980
1291018,1291025
1291056,1291060
1291104,1291127
1291158,1291162
1291191,1291209
1291245,1291266
1291297,1291307
1291348,1291369
1291395,1291400
1291395,1291416
1291444,1291459
1291519,1291535
1291590,1291617
1291686,1291705
1291779,1291798
1291820,1291831
1291877,1291896
1291923,1291934
1291947,1291952
1291975,1291999
1292013,1110204
1292032,1046129
1292050,1292078
1292148,1292169
1292195,1292202
1292239,1292241
1292273,1292287
1292315,1292327
1292358,1292362
1292391,1292406
1292499,1292512
1292549,1292554
1292583,1292596
1292633,1292651
1292680,1292698
1292772,1292786
1292826,1292842
1292928,1292944
1292971,1292985
1293015,1293027
1293058,1293062
1293091,1293101
1293138,1293140
1293234,1293252
1293281,1293299
1293321,1293332
1293425,1293441
1293516,1293537
1293603,1293626
1293690,1293711
1293805,1293822
1293879,1293898
1293983,1294005
1294033,1294046
1294079,1294080
1294131,1294154
1294385,1294407
1294521,1294545
1294578,1294584
1294718,1294739
1294773,1294794
1294827,1294836
1294870,1294889
1294870,1294901
1294938,1294940
1294986,1295006
1295075,1295099
1295121,1295132
1295166,1295178
1295215,1295236
1295270,1295289
1295372,1295393
1295431,1295454
1295546,1295567
1295607,1295624
1295719,1295735
1295800,1295828
1295918,1295939
1296024,1296048
1296167,1296180
1296228,1296237
1296263,1296271
1296341,1296360
1296421,1296445
1296534,1296552
1296649,1296665
1296758,1296770
1296817,1296829
1296886,1296903
1296957,1296974
1297019,1297035
1297128,1297144
1297171,1297185
1297246,1297267
1297312,1297331
1297365,1297377
1297417,1297429
1297455,1297464
1297493,1297504
1297562,1297589
1297625,1297641
1297710,1297734
1297768,1297775
1297809,1297813
1297845,1297850
1297907,1297924
1297995,1298012
1298054,1298065
1298096,1298106
1298238,1298255
1298238,1298272
1298319,1298335
1298361,1298374
1298451,1298479
1298507,1298511
1298548,1298553
1298576,1298595
1298613,1298632
1298650,1298678
1298737,1298759
1298825,1298839
1298860,1298873
1298943,1298958
1298989,1298991
1299125,1299141
1299173,1299187
1299211,1299224
1299314,1299333
1299367,1299379
1299403,1299419
1299442,1299457
1299488,1299490
1299517,1299538
1299555,1299572
1299593,1299615
1299636,1299643
1299658,1299662
1299691,1299708
1299875,1299899
1299921,1299932
1299984,1300008
1300049,1300065
1300096,1300106
1300175,1300199
1300238,1300255
1300286,1300293
1300335,1300342
1300388,1300405
1300433,1300446
1300479,1300480
1300511,1300530
1300576,1300595
1300684,1300700
1300744,1300759
1300841,1300860
1300962,1300989
1301048,1301069
1301095,1301105
1301133,1301151
1301180,1301198
1301228,1301244
1301271,1301285
1301318,1301339
1301360,1301373
1301466,1301484
1301510,1301523
1301612,1301631
1301665,1301677
1301704,1301715
1301743,1301758
1301789,1301791
1301838,1301855
1301942,1301961
1301990,1302000
1302037,1302044
1302071,1302085
1302118,1302125
1302156,1302160
1302230,1302248
1302276,1302282
1302314,1302322
1302351,1302367
1302398,1302403
1302435,1302442
1302474,1302488
1302529,1302540
1302586,1302604
1302636,1302643
1302670,1302689
1302712,1302720
1302765,1302783
1302810,1302823
1302852,1302868
1302909,1302921
1302966,1302984
1303014,1303022
1303051,1303067
1303108,1303120
1303154,1303165
1303196,1303203
1303337,1303344
1303371,1303385
1303476,1303495
1303532,1303550
1303584,1303597
1303623,1303634
1303668,1303675
1303773,1303787
1303964,1303972
1304004,1304015
1304043,1304058
1304089,1304091
1304172,1304193
1304234,1304247
1304275,1304281
1304345,1304366
1304397,1304402
1304439,1304441
1304473,1304494
1304585,1304603
1304619,1304626
1304711,1304730
1304769,1304782
1304879,1304898
1304983,1305003
1305090,1305116
1305185,1305205
1305246,1305267
1305354,1305377
1305464,1305377
1305472,1305486
1305493,1305504
1305536,1305543
1305570,1305589
1305639,1305656
1305747,1305768
1305799,1305809
1305832,1305845
1305930,1305953
1305982,1305995
1306025,1306039
1306060,1306073
1306104,1306115
1306104,1306127
1306213,1306232
1306307,1306324
1306353,1306369
1306400,1306428
1306459,1306471
1306542,1306561
1306590,1306601
1306638,1306640
1306686,1306705
1306733,1306746
1306780,1306808
1306849,1306865
1306934,1306952
1306981,1306999
1307023,1307034
1307068,1307075
1307109,1307113
1307184,1307204
1307270,1307291
1307329,1307338
1307412,1307420
1307454,1307465
1307496,1307505
1307598,1307611
1307648,1307653
1307682,1307703
1307682,1307719
1307757,1307774
1307816,1307837
1307871,1307892
1307925,1307939
1307960,1307973
1308017,1098127
1308029,1308038
1308086,1308093
1308427,1308443
1308470,1308489
1308518,1308525
1308933,1308951
1309021,1309045
1309130,1286845
1309169,1309182
1309343,1309362
1309406,1309410
1309475,1309499
1309475,1309512
1309549,1309554
1309583,1309596
1309622,1309633
1309679,1309698
1309729,1309738
1309826,1309842
1309874,1309888
1309916,1309928
1309963,1309985
1310027,1310036
1310062,1310070
1310101,1310117
1310140,1310155
1310193,1310210
1310247,1310252
1310281,1310299
1310332,1310350
1310441,1310460
1310494,1310516
1310559,1310571
1310619,1310635
1310661,1310674
1310707,1310711
1310748,1310753
1310782,1310805
1310833,1310846
1310996,1311016
1311028,1311044
1311059,1311071
1311092,1311118
1311139,1311156
1311224,1311230
1311253,1311269
1311276,1311282
1311295,1311305
1311314,1311322
1311333,1311346
1311426,1311442
1311426,1311461
1311490,1311501
1311540,1311564
1311604,1311627
1311658,1311662
1311691,1311708
1311731,1311749
1311810,1311834
1311875,1311881
1311950,1311978
1312007,1312024
1312053,1312069
1312105,1312122
1312198,1312216
1312244,1312259
1312339,1312356
1312445,1312466
1312497,1312506
1312534,1312547
1312575,1312581
1312677,1312696
1312727,1312736
1312801,1312829
1312855,1312864
1312903,1312926
1313002,1313018
1313025,1313039
1313056,1313073
1313087,1313104
1313115,1313136
1313143,1313158
1313245,1313250
1313297,1313311
1313297,1314446
1313348,1313353
1313348,1313369
1313395,1313400
1313437,1313444
1313535,1313557
1313655,1313664
1313751,1313779
1313849,1313854
1314012,1314031
1314065,1314077
1314123,1314134
1314175,1314199
1314229,1314240
1314319,1314335
1314422,1314446
1314511,1314530
1314569,1314582
1314613,1314621
1314645,1314666
1314678,1314684
1314697,1316550
1314716,1099815
1314737,1314759
1314763,1314771
1314785,1314792
1314818,1314839
1314856,1314873
1314927,1314943
1314989,1315009
1315124,1315148
1315410,1315434
1315475,1315499
1315549,1315565
1315605,1315622
1315667,1315680
1315729,1315740
1315786,1315793
1315835,1315842
1315874,1315888
1315928,1315944
1316080,1316108
1316131,1316149
1316177,1316183
1316219,1316226
1316257,1316261
1316288,1316290
1316328,1316337
1316363,1316371
1316407,1316411
1316430,1316453
1316476,1316495
1316681,1316702
1316794,1316815
1316891,1316901
1317038,1317055
1317142,1317161
1317208,1317220
1317265,1317283
1317310,1317334
1317427,1317443
1317470,1317491
1317525,1317539
1317659,1317663
1317721,1317745
1317778,1317784
1317811,1317824
1317998,1318010
1318075,1318099
1318166,1318184
1318227,1318236
1318262,1318270
1318301,1318317
1318420,1318431
1318496,1318514
1318546,1318551
1318580,1318598
1318624,1318630
1318653,1318669
1318695,1318703
1318742,1318761
1318828,1318844
1318885,1318902
1318939,1318941
1319019,1319035
1319144,1319163
1319349,1319365
1319455,1319472
1319486,1319493
1319515,1319536
1319562,1319589
1319602,1319618
1319639,1319656
1319673,1319694
1319706,1319710
1319734,1319752
1319775,1319799
1319821,1119762
1319832,1319845
1319850,1319866
1319907,1319924
1320078,1320084
1320111,1320124
1320327,1320343
1320406,1320423
1320452,1320475
1320565,1320583
1320651,1320679
1320717,1320738
1320755,1320764
1320793,1320803
1320857,1320874
1320900,1320916
1320963,1320985
1321012,1321020
1321147,1321168
1321199,1321201
1321272,1321293
1321335,1321342
1321374,1321388
1321414,1321422
1321632,1321650
1321684,1321697
1321936,1321943
1322103,1322126
1322212,1322231
1322310,1322323
1322352,1322375
1322404,1322427
1322458,1322462
1322560,1322573
1322600,1322616
1322600,1322628
1322709,1322713
1322946,1322967
1323047,1323068
1323132,1323150
1323184,1323197
1323408,1323420
1323454,1323465
1323496,1323505
1323598,1323611
1323648,1323653
1323682,1323695
1323726,1323735
1323790,1323816
1323844,1323859
1323885,1323892
1323939,1323956
1324028,1324044
1324071,1324085
1324125,1324141
1324194,1324211
1324248,1324253
1324295,1324314
1324426,1324442
1324517,1324538
1324564,1324572
1324604,1324615
1324708,1324720
1324834,1324852
1324921,1324945
1324978,1324984
1325058,1325070
1325101,1325117
1325140,1325155
1325186,1325193
1325268,1325275
1325366,1325384
1325441,1325460
1325487,1325494
1325500,1325516
1325559,1325571
1325592,1325619
1325635,1325657
1325674,1325690
1325707,1325724
1325805,1325822
1325846,1325851
1325879,1325898
1325920,1325931
1325965,1325977
1326088,1326100
1326137,1326144
1326185,1326192
1326222,1326233
1326298,1326312
1326349,1326354
1326417,1326438
1326589,1326602
1326694,1326706
1326747,1326768
1326821,1326845
1326878,1326884
1326969,1326976
1327007,1327011
1327105,1327122
1327151,1327167
1327259,1327271
